"metric","n","tau","net","model","bparam","varyv","varys"
"d",1,0.73932972972973,"ba","doublewell","D","FALSE","FALSE"
"input",1,0.749809009009009,"ba","doublewell","D","FALSE","FALSE"
"d",2,0.766414414414414,"ba","doublewell","D","FALSE","FALSE"
"input",2,0.778969369369369,"ba","doublewell","D","FALSE","FALSE"
"d",3,0.758486486486487,"ba","doublewell","D","FALSE","FALSE"
"input",3,0.786061261261261,"ba","doublewell","D","FALSE","FALSE"
"d",4,0.76123963963964,"ba","doublewell","D","FALSE","FALSE"
"input",4,0.797218018018018,"ba","doublewell","D","FALSE","FALSE"
"d",5,0.748756756756757,"ba","doublewell","D","FALSE","FALSE"
"input",5,0.80307027027027,"ba","doublewell","D","FALSE","FALSE"
"d",6,0.822212612612613,"ba","doublewell","D","FALSE","FALSE"
"input",6,0.822212612612613,"ba","doublewell","D","FALSE","FALSE"
"d",1,0.736637202459987,"ba","doublewell","D","TRUE","FALSE"
"input",1,0.753034476072451,"ba","doublewell","D","TRUE","FALSE"
"d",2,0.756602553564579,"ba","doublewell","D","TRUE","FALSE"
"input",2,0.782263137706176,"ba","doublewell","D","TRUE","FALSE"
"d",3,0.756438835426177,"ba","doublewell","D","TRUE","FALSE"
"input",3,0.792557990532674,"ba","doublewell","D","TRUE","FALSE"
"d",4,0.761047054211611,"ba","doublewell","D","TRUE","FALSE"
"input",4,0.807924227671063,"ba","doublewell","D","TRUE","FALSE"
"d",5,0.768627996476098,"ba","doublewell","D","TRUE","FALSE"
"input",5,0.812615738691688,"ba","doublewell","D","TRUE","FALSE"
"d",6,0.830649013433824,"ba","doublewell","D","TRUE","FALSE"
"input",6,0.830649013433824,"ba","doublewell","D","TRUE","FALSE"
"d",1,0.744654333008763,"ba","doublewell","D","TRUE","TRUE"
"input",1,0.748691983122363,"ba","doublewell","D","TRUE","TRUE"
"d",2,0.730048685491723,"ba","doublewell","D","TRUE","TRUE"
"input",2,0.714677052904901,"ba","doublewell","D","TRUE","TRUE"
"d",3,0.731723466407011,"ba","doublewell","D","TRUE","TRUE"
"input",3,0.722583576760792,"ba","doublewell","D","TRUE","TRUE"
"d",4,0.714884777669588,"ba","doublewell","D","TRUE","TRUE"
"input",4,0.756364816617981,"ba","doublewell","D","TRUE","TRUE"
"d",5,0.718649789029536,"ba","doublewell","D","TRUE","TRUE"
"input",5,0.71809152872444,"ba","doublewell","D","TRUE","TRUE"
"d",6,0.776254462836741,"ba","doublewell","D","TRUE","TRUE"
"input",6,0.776254462836741,"ba","doublewell","D","TRUE","TRUE"
"d",1,0.713909818134326,"ba","doublewell","u","FALSE","FALSE"
"input",1,0.756617668506002,"ba","doublewell","u","FALSE","FALSE"
"d",2,0.779312153764108,"ba","doublewell","u","FALSE","FALSE"
"input",2,0.806378558497767,"ba","doublewell","u","FALSE","FALSE"
"d",3,0.809296673595919,"ba","doublewell","u","FALSE","FALSE"
"input",3,0.828606621608385,"ba","doublewell","u","FALSE","FALSE"
"d",4,0.826413222900636,"ba","doublewell","u","FALSE","FALSE"
"input",4,0.846067921187913,"ba","doublewell","u","FALSE","FALSE"
"d",5,0.839565452414899,"ba","doublewell","u","FALSE","FALSE"
"input",5,0.858450597330605,"ba","doublewell","u","FALSE","FALSE"
"d",6,0.945611160087504,"ba","doublewell","u","FALSE","FALSE"
"input",6,0.945611160087504,"ba","doublewell","u","FALSE","FALSE"
"d",1,0.736975040403403,"ba","doublewell","u","TRUE","FALSE"
"input",1,0.761528956523235,"ba","doublewell","u","TRUE","FALSE"
"d",2,0.796778073300334,"ba","doublewell","u","TRUE","FALSE"
"input",2,0.813550131483419,"ba","doublewell","u","TRUE","FALSE"
"d",3,0.824627156930122,"ba","doublewell","u","TRUE","FALSE"
"input",3,0.848558012843354,"ba","doublewell","u","TRUE","FALSE"
"d",4,0.845212024009137,"ba","doublewell","u","TRUE","FALSE"
"input",4,0.86483264840725,"ba","doublewell","u","TRUE","FALSE"
"d",5,0.858599591692858,"ba","doublewell","u","TRUE","FALSE"
"input",5,0.878346962229269,"ba","doublewell","u","TRUE","FALSE"
"d",6,0.952187356567577,"ba","doublewell","u","TRUE","FALSE"
"input",6,0.952187356567577,"ba","doublewell","u","TRUE","FALSE"
"d",1,0.737262512768131,"ba","doublewell","u","TRUE","TRUE"
"input",1,0.758692543411645,"ba","doublewell","u","TRUE","TRUE"
"d",2,0.78976506639428,"ba","doublewell","u","TRUE","TRUE"
"input",2,0.773493360572012,"ba","doublewell","u","TRUE","TRUE"
"d",3,0.81829417773238,"ba","doublewell","u","TRUE","TRUE"
"input",3,0.825750766087845,"ba","doublewell","u","TRUE","TRUE"
"d",4,0.83367722165475,"ba","doublewell","u","TRUE","TRUE"
"input",4,0.830806945863126,"ba","doublewell","u","TRUE","TRUE"
"d",5,0.84899897854954,"ba","doublewell","u","TRUE","TRUE"
"input",5,0.853758937691522,"ba","doublewell","u","TRUE","TRUE"
"d",6,0.936945863125639,"ba","doublewell","u","TRUE","TRUE"
"input",6,0.936945863125639,"ba","doublewell","u","TRUE","TRUE"
"d",1,-0.314110275689223,"ba","genereg","D","FALSE","FALSE"
"input",1,-0.208395989974937,"ba","genereg","D","FALSE","FALSE"
"d",2,-0.39516290726817,"ba","genereg","D","FALSE","FALSE"
"input",2,-0.33218045112782,"ba","genereg","D","FALSE","FALSE"
"d",3,-0.418671679197995,"ba","genereg","D","FALSE","FALSE"
"input",3,-0.366541353383459,"ba","genereg","D","FALSE","FALSE"
"d",4,-0.455664160401002,"ba","genereg","D","FALSE","FALSE"
"input",4,-0.419473684210526,"ba","genereg","D","FALSE","FALSE"
"d",5,-0.467869674185464,"ba","genereg","D","FALSE","FALSE"
"input",5,-0.467593984962406,"ba","genereg","D","FALSE","FALSE"
"d",6,-0.682932330827068,"ba","genereg","D","FALSE","FALSE"
"input",6,-0.682932330827068,"ba","genereg","D","FALSE","FALSE"
"d",1,-0.217416545718432,"ba","genereg","D","TRUE","FALSE"
"input",1,-0.199564586357039,"ba","genereg","D","TRUE","FALSE"
"d",2,-0.303686502177068,"ba","genereg","D","TRUE","FALSE"
"input",2,-0.343047895500726,"ba","genereg","D","TRUE","FALSE"
"d",3,-0.348301886792453,"ba","genereg","D","TRUE","FALSE"
"input",3,-0.374949201741655,"ba","genereg","D","TRUE","FALSE"
"d",4,-0.35799709724238,"ba","genereg","D","TRUE","FALSE"
"input",4,-0.410798258345428,"ba","genereg","D","TRUE","FALSE"
"d",5,-0.405486211901306,"ba","genereg","D","TRUE","FALSE"
"input",5,-0.407953555878084,"ba","genereg","D","TRUE","FALSE"
"d",6,-0.623454281567489,"ba","genereg","D","TRUE","FALSE"
"input",6,-0.623454281567489,"ba","genereg","D","TRUE","FALSE"
"d",1,-0.709433962264151,"ba","genereg","D","TRUE","TRUE"
"input",1,-0.346850507982583,"ba","genereg","D","TRUE","TRUE"
"d",2,-0.775471698113207,"ba","genereg","D","TRUE","TRUE"
"input",2,-0.457126269956459,"ba","genereg","D","TRUE","TRUE"
"d",3,-0.762380261248186,"ba","genereg","D","TRUE","TRUE"
"input",3,-0.466386066763425,"ba","genereg","D","TRUE","TRUE"
"d",4,-0.726153846153846,"ba","genereg","D","TRUE","TRUE"
"input",4,-0.483193033381713,"ba","genereg","D","TRUE","TRUE"
"d",5,-0.684760522496371,"ba","genereg","D","TRUE","TRUE"
"input",5,-0.46911465892598,"ba","genereg","D","TRUE","TRUE"
"d",6,-0.538955007256894,"ba","genereg","D","TRUE","TRUE"
"input",6,-0.538955007256894,"ba","genereg","D","TRUE","TRUE"
"d",1,-0.427765432098765,"ba","genereg","u","FALSE","FALSE"
"input",1,-0.334592592592593,"ba","genereg","u","FALSE","FALSE"
"d",2,-0.503716049382716,"ba","genereg","u","FALSE","FALSE"
"input",2,-0.435518518518518,"ba","genereg","u","FALSE","FALSE"
"d",3,-0.537728395061728,"ba","genereg","u","FALSE","FALSE"
"input",3,-0.481333333333333,"ba","genereg","u","FALSE","FALSE"
"d",4,-0.548617283950617,"ba","genereg","u","FALSE","FALSE"
"input",4,-0.538493827160494,"ba","genereg","u","FALSE","FALSE"
"d",5,-0.584061728395062,"ba","genereg","u","FALSE","FALSE"
"input",5,-0.572827160493827,"ba","genereg","u","FALSE","FALSE"
"d",6,-0.700629629629629,"ba","genereg","u","FALSE","FALSE"
"input",6,-0.700629629629629,"ba","genereg","u","FALSE","FALSE"
"d",1,-0.360115315315315,"ba","genereg","u","TRUE","FALSE"
"input",1,-0.368547747747748,"ba","genereg","u","TRUE","FALSE"
"d",2,-0.445679279279279,"ba","genereg","u","TRUE","FALSE"
"input",2,-0.411243243243243,"ba","genereg","u","TRUE","FALSE"
"d",3,-0.472446846846847,"ba","genereg","u","TRUE","FALSE"
"input",3,-0.501145945945946,"ba","genereg","u","TRUE","FALSE"
"d",4,-0.480115315315315,"ba","genereg","u","TRUE","FALSE"
"input",4,-0.502010810810811,"ba","genereg","u","TRUE","FALSE"
"d",5,-0.499113513513514,"ba","genereg","u","TRUE","FALSE"
"input",5,-0.51285045045045,"ba","genereg","u","TRUE","FALSE"
"d",6,-0.640389189189189,"ba","genereg","u","TRUE","FALSE"
"input",6,-0.640389189189189,"ba","genereg","u","TRUE","FALSE"
"d",1,-0.728302702702703,"ba","genereg","u","TRUE","TRUE"
"input",1,-0.507488288288288,"ba","genereg","u","TRUE","TRUE"
"d",2,-0.8048,"ba","genereg","u","TRUE","TRUE"
"input",2,-0.430688288288288,"ba","genereg","u","TRUE","TRUE"
"d",3,-0.801902702702703,"ba","genereg","u","TRUE","TRUE"
"input",3,-0.5088,"ba","genereg","u","TRUE","TRUE"
"d",4,-0.775264864864865,"ba","genereg","u","TRUE","TRUE"
"input",4,-0.514205405405405,"ba","genereg","u","TRUE","TRUE"
"d",5,-0.738248648648649,"ba","genereg","u","TRUE","TRUE"
"input",5,-0.517102702702703,"ba","genereg","u","TRUE","TRUE"
"d",6,-0.554493693693694,"ba","genereg","u","TRUE","TRUE"
"input",6,-0.554493693693694,"ba","genereg","u","TRUE","TRUE"
"d",1,-0.720989486703772,"ba","mutualistic","D","FALSE","FALSE"
"input",1,-0.513106575963719,"ba","mutualistic","D","FALSE","FALSE"
"d",2,-0.790286538857967,"ba","mutualistic","D","FALSE","FALSE"
"input",2,-0.624728921871779,"ba","mutualistic","D","FALSE","FALSE"
"d",3,-0.822758194186766,"ba","mutualistic","D","FALSE","FALSE"
"input",3,-0.686365697794269,"ba","mutualistic","D","FALSE","FALSE"
"d",4,-0.831399711399711,"ba","mutualistic","D","FALSE","FALSE"
"input",4,-0.724023912595341,"ba","mutualistic","D","FALSE","FALSE"
"d",5,-0.8482622139765,"ba","mutualistic","D","FALSE","FALSE"
"input",5,-0.753889919604205,"ba","mutualistic","D","FALSE","FALSE"
"d",6,-0.942535559678417,"ba","mutualistic","D","FALSE","FALSE"
"input",6,-0.942535559678417,"ba","mutualistic","D","FALSE","FALSE"
"d",1,-0.71024531024531,"ba","mutualistic","D","TRUE","FALSE"
"input",1,-0.515827664399093,"ba","mutualistic","D","TRUE","FALSE"
"d",2,-0.788975468975469,"ba","mutualistic","D","TRUE","FALSE"
"input",2,-0.625759637188209,"ba","mutualistic","D","TRUE","FALSE"
"d",3,-0.818948670377242,"ba","mutualistic","D","TRUE","FALSE"
"input",3,-0.682622139764997,"ba","mutualistic","D","TRUE","FALSE"
"d",4,-0.837138734281591,"ba","mutualistic","D","TRUE","FALSE"
"input",4,-0.720041228612657,"ba","mutualistic","D","TRUE","FALSE"
"d",5,-0.850777159348588,"ba","mutualistic","D","TRUE","FALSE"
"input",5,-0.752719027004741,"ba","mutualistic","D","TRUE","FALSE"
"d",6,-0.942255205112348,"ba","mutualistic","D","TRUE","FALSE"
"input",6,-0.942255205112348,"ba","mutualistic","D","TRUE","FALSE"
"d",1,-0.714582560296846,"ba","mutualistic","D","TRUE","TRUE"
"input",1,-0.505355596784168,"ba","mutualistic","D","TRUE","TRUE"
"d",2,-0.774801071943929,"ba","mutualistic","D","TRUE","TRUE"
"input",2,-0.568006596578025,"ba","mutualistic","D","TRUE","TRUE"
"d",3,-0.805706039991754,"ba","mutualistic","D","TRUE","TRUE"
"input",3,-0.608023088023088,"ba","mutualistic","D","TRUE","TRUE"
"d",4,-0.828967223252937,"ba","mutualistic","D","TRUE","TRUE"
"input",4,-0.65692846835704,"ba","mutualistic","D","TRUE","TRUE"
"d",5,-0.836149247577819,"ba","mutualistic","D","TRUE","TRUE"
"input",5,-0.707012987012987,"ba","mutualistic","D","TRUE","TRUE"
"d",6,-0.923826015254587,"ba","mutualistic","D","TRUE","TRUE"
"input",6,-0.923826015254587,"ba","mutualistic","D","TRUE","TRUE"
"d",1,-0.661562842023965,"ba","mutualistic","u","FALSE","FALSE"
"input",1,-0.68285780088404,"ba","mutualistic","u","FALSE","FALSE"
"d",2,-0.746747990514149,"ba","mutualistic","u","FALSE","FALSE"
"input",2,-0.766974261546903,"ba","mutualistic","u","FALSE","FALSE"
"d",3,-0.790235442851688,"ba","mutualistic","u","FALSE","FALSE"
"input",3,-0.805101709851854,"ba","mutualistic","u","FALSE","FALSE"
"d",4,-0.812445074825935,"ba","mutualistic","u","FALSE","FALSE"
"input",4,-0.827277285002541,"ba","mutualistic","u","FALSE","FALSE"
"d",5,-0.827073175819076,"ba","mutualistic","u","FALSE","FALSE"
"input",5,-0.842704574147754,"ba","mutualistic","u","FALSE","FALSE"
"d",6,-0.930167885423529,"ba","mutualistic","u","FALSE","FALSE"
"input",6,-0.930167885423529,"ba","mutualistic","u","FALSE","FALSE"
"d",1,-0.65419919730651,"ba","mutualistic","u","TRUE","FALSE"
"input",1,-0.676440194468055,"ba","mutualistic","u","TRUE","FALSE"
"d",2,-0.741708131979172,"ba","mutualistic","u","TRUE","FALSE"
"input",2,-0.76523649491668,"ba","mutualistic","u","TRUE","FALSE"
"d",3,-0.780104086645009,"ba","mutualistic","u","TRUE","FALSE"
"input",3,-0.801277803444965,"ba","mutualistic","u","TRUE","FALSE"
"d",4,-0.81151993900132,"ba","mutualistic","u","TRUE","FALSE"
"input",4,-0.824401605386981,"ba","mutualistic","u","TRUE","FALSE"
"d",5,-0.82256318815439,"ba","mutualistic","u","TRUE","FALSE"
"input",5,-0.842800719376525,"ba","mutualistic","u","TRUE","FALSE"
"d",6,-0.932333874835669,"ba","mutualistic","u","TRUE","FALSE"
"input",6,-0.932333874835669,"ba","mutualistic","u","TRUE","FALSE"
"d",1,-0.676521518779053,"ba","mutualistic","u","TRUE","TRUE"
"input",1,-0.685602583405323,"ba","mutualistic","u","TRUE","TRUE"
"d",2,-0.73856043440701,"ba","mutualistic","u","TRUE","TRUE"
"input",2,-0.733378254967296,"ba","mutualistic","u","TRUE","TRUE"
"d",3,-0.779082084824551,"ba","mutualistic","u","TRUE","TRUE"
"input",3,-0.757498128265251,"ba","mutualistic","u","TRUE","TRUE"
"d",4,-0.789771294582253,"ba","mutualistic","u","TRUE","TRUE"
"input",4,-0.785303434941791,"ba","mutualistic","u","TRUE","TRUE"
"d",5,-0.809090147681928,"ba","mutualistic","u","TRUE","TRUE"
"input",5,-0.81138439261179,"ba","mutualistic","u","TRUE","TRUE"
"d",6,-0.908428697190341,"ba","mutualistic","u","TRUE","TRUE"
"input",6,-0.908428697190341,"ba","mutualistic","u","TRUE","TRUE"
"d",1,0.781134654818865,"ba","SIS","D","FALSE","FALSE"
"input",1,0.810512645249487,"ba","SIS","D","FALSE","FALSE"
"d",2,0.807108680792891,"ba","SIS","D","FALSE","FALSE"
"input",2,0.852112098427888,"ba","SIS","D","FALSE","FALSE"
"d",3,0.823513328776487,"ba","SIS","D","FALSE","FALSE"
"input",3,0.864907723855092,"ba","SIS","D","FALSE","FALSE"
"d",4,0.834873547505126,"ba","SIS","D","FALSE","FALSE"
"input",4,0.873205741626794,"ba","SIS","D","FALSE","FALSE"
"d",5,0.844606971975393,"ba","SIS","D","FALSE","FALSE"
"input",5,0.882173615857826,"ba","SIS","D","FALSE","FALSE"
"d",6,0.919548872180451,"ba","SIS","D","FALSE","FALSE"
"input",6,0.919548872180451,"ba","SIS","D","FALSE","FALSE"
"d",1,0.879835953520164,"ba","SIS","D","FALSE","TRUE"
"input",1,0.879835953520164,"ba","SIS","D","FALSE","TRUE"
"d",2,0.863800410116199,"ba","SIS","D","FALSE","TRUE"
"input",2,0.893643198906357,"ba","SIS","D","FALSE","TRUE"
"d",3,0.872590567327409,"ba","SIS","D","FALSE","TRUE"
"input",3,0.787956254272044,"ba","SIS","D","FALSE","TRUE"
"d",4,0.85943950786056,"ba","SIS","D","FALSE","TRUE"
"input",4,0.819316473000683,"ba","SIS","D","FALSE","TRUE"
"d",5,0.85501025290499,"ba","SIS","D","FALSE","TRUE"
"input",5,0.84082023239918,"ba","SIS","D","FALSE","TRUE"
"d",6,0.885317840054682,"ba","SIS","D","FALSE","TRUE"
"input",6,0.885317840054682,"ba","SIS","D","FALSE","TRUE"
"d",1,0.770465926586176,"catlins","doublewell","D","FALSE","FALSE"
"input",1,0.772547875644869,"catlins","doublewell","D","FALSE","FALSE"
"d",2,0.797139075709694,"catlins","doublewell","D","FALSE","FALSE"
"input",2,0.806047051832645,"catlins","doublewell","D","FALSE","FALSE"
"d",3,0.779409556221808,"catlins","doublewell","D","FALSE","FALSE"
"input",3,0.811424249790671,"catlins","doublewell","D","FALSE","FALSE"
"d",4,0.782416335791265,"catlins","doublewell","D","FALSE","FALSE"
"input",4,0.804292466844934,"catlins","doublewell","D","FALSE","FALSE"
"d",5,0.774649272074116,"catlins","doublewell","D","FALSE","FALSE"
"input",5,0.803216379007644,"catlins","doublewell","D","FALSE","FALSE"
"d",6,0.760851362666451,"catlins","doublewell","D","FALSE","FALSE"
"input",6,0.760851362666451,"catlins","doublewell","D","FALSE","FALSE"
"d",1,0.758350951374207,"catlins","doublewell","D","TRUE","FALSE"
"input",1,0.765031712473573,"catlins","doublewell","D","TRUE","FALSE"
"d",2,0.80630021141649,"catlins","doublewell","D","TRUE","FALSE"
"input",2,0.812346723044397,"catlins","doublewell","D","TRUE","FALSE"
"d",3,0.796025369978858,"catlins","doublewell","D","TRUE","FALSE"
"input",3,0.813150105708245,"catlins","doublewell","D","TRUE","FALSE"
"d",4,0.776744186046512,"catlins","doublewell","D","TRUE","FALSE"
"input",4,0.812727272727273,"catlins","doublewell","D","TRUE","FALSE"
"d",5,0.789217758985201,"catlins","doublewell","D","TRUE","FALSE"
"input",5,0.813403805496829,"catlins","doublewell","D","TRUE","FALSE"
"d",6,0.769894291754757,"catlins","doublewell","D","TRUE","FALSE"
"input",6,0.769894291754757,"catlins","doublewell","D","TRUE","FALSE"
"d",1,0.769302325581395,"catlins","doublewell","D","TRUE","TRUE"
"input",1,0.771923890063425,"catlins","doublewell","D","TRUE","TRUE"
"d",2,0.737716701902748,"catlins","doublewell","D","TRUE","TRUE"
"input",2,0.733868921775898,"catlins","doublewell","D","TRUE","TRUE"
"d",3,0.719577167019027,"catlins","doublewell","D","TRUE","TRUE"
"input",3,0.752219873150106,"catlins","doublewell","D","TRUE","TRUE"
"d",4,0.69353065539112,"catlins","doublewell","D","TRUE","TRUE"
"input",4,0.755010570824524,"catlins","doublewell","D","TRUE","TRUE"
"d",5,0.718604651162791,"catlins","doublewell","D","TRUE","TRUE"
"input",5,0.760126849894292,"catlins","doublewell","D","TRUE","TRUE"
"d",6,0.718562367864693,"catlins","doublewell","D","TRUE","TRUE"
"input",6,0.718562367864693,"catlins","doublewell","D","TRUE","TRUE"
"d",1,0.751545953696897,"catlins","doublewell","u","FALSE","FALSE"
"input",1,0.762784048934992,"catlins","doublewell","u","FALSE","FALSE"
"d",2,0.785776216795085,"catlins","doublewell","u","FALSE","FALSE"
"input",2,0.80415392015392,"catlins","doublewell","u","FALSE","FALSE"
"d",3,0.795993374899035,"catlins","doublewell","u","FALSE","FALSE"
"input",3,0.820194306043363,"catlins","doublewell","u","FALSE","FALSE"
"d",4,0.80654329458103,"catlins","doublewell","u","FALSE","FALSE"
"input",4,0.825417862361259,"catlins","doublewell","u","FALSE","FALSE"
"d",5,0.806821530670587,"catlins","doublewell","u","FALSE","FALSE"
"input",5,0.829805421692214,"catlins","doublewell","u","FALSE","FALSE"
"d",6,0.908637570675306,"catlins","doublewell","u","FALSE","FALSE"
"input",6,0.908637570675306,"catlins","doublewell","u","FALSE","FALSE"
"d",1,0.743545069570478,"catlins","doublewell","u","TRUE","FALSE"
"input",1,0.763051462671875,"catlins","doublewell","u","TRUE","FALSE"
"d",2,0.794301885631671,"catlins","doublewell","u","TRUE","FALSE"
"input",2,0.816848667548474,"catlins","doublewell","u","TRUE","FALSE"
"d",3,0.797003496467645,"catlins","doublewell","u","TRUE","FALSE"
"input",3,0.826531729674859,"catlins","doublewell","u","TRUE","FALSE"
"d",4,0.816210485301506,"catlins","doublewell","u","TRUE","FALSE"
"input",4,0.832740061726496,"catlins","doublewell","u","TRUE","FALSE"
"d",5,0.82233596850103,"catlins","doublewell","u","TRUE","FALSE"
"input",5,0.843902098905944,"catlins","doublewell","u","TRUE","FALSE"
"d",6,0.918555066802014,"catlins","doublewell","u","TRUE","FALSE"
"input",6,0.918555066802014,"catlins","doublewell","u","TRUE","FALSE"
"d",1,0.754502814605186,"catlins","doublewell","u","TRUE","TRUE"
"input",1,0.767789391655644,"catlins","doublewell","u","TRUE","TRUE"
"d",2,0.75535783936756,"catlins","doublewell","u","TRUE","TRUE"
"input",2,0.746002604406985,"catlins","doublewell","u","TRUE","TRUE"
"d",3,0.760937217385955,"catlins","doublewell","u","TRUE","TRUE"
"input",3,0.768203799973341,"catlins","doublewell","u","TRUE","TRUE"
"d",4,0.763072995170568,"catlins","doublewell","u","TRUE","TRUE"
"input",4,0.788527443682262,"catlins","doublewell","u","TRUE","TRUE"
"d",5,0.762723881591764,"catlins","doublewell","u","TRUE","TRUE"
"input",5,0.803259076973556,"catlins","doublewell","u","TRUE","TRUE"
"d",6,0.8907416407764,"catlins","doublewell","u","TRUE","TRUE"
"input",6,0.8907416407764,"catlins","doublewell","u","TRUE","TRUE"
"d",1,-0.100985507246377,"catlins","genereg","D","FALSE","FALSE"
"input",1,-0.00690683229813664,"catlins","genereg","D","FALSE","FALSE"
"d",2,-0.105242236024845,"catlins","genereg","D","FALSE","FALSE"
"input",2,-0.0130683229813665,"catlins","genereg","D","FALSE","FALSE"
"d",3,-0.131047619047619,"catlins","genereg","D","FALSE","FALSE"
"input",3,-0.0234699792960663,"catlins","genereg","D","FALSE","FALSE"
"d",4,-0.140968944099379,"catlins","genereg","D","FALSE","FALSE"
"input",4,-0.0284886128364389,"catlins","genereg","D","FALSE","FALSE"
"d",5,-0.146865424430642,"catlins","genereg","D","FALSE","FALSE"
"input",5,-0.0319668737060041,"catlins","genereg","D","FALSE","FALSE"
"d",6,-0.234997929606625,"catlins","genereg","D","FALSE","FALSE"
"input",6,-0.234997929606625,"catlins","genereg","D","FALSE","FALSE"
"d",1,-0.0317665130568356,"catlins","genereg","D","TRUE","FALSE"
"input",1,-0.0295750128008192,"catlins","genereg","D","TRUE","FALSE"
"d",2,-0.0528417818740399,"catlins","genereg","D","TRUE","FALSE"
"input",2,-0.0295545314900154,"catlins","genereg","D","TRUE","FALSE"
"d",3,-0.0631848438300051,"catlins","genereg","D","TRUE","FALSE"
"input",3,-0.0175320020481311,"catlins","genereg","D","TRUE","FALSE"
"d",4,-0.0864925755248336,"catlins","genereg","D","TRUE","FALSE"
"input",4,-0.023963133640553,"catlins","genereg","D","TRUE","FALSE"
"d",5,-0.0915514592933948,"catlins","genereg","D","TRUE","FALSE"
"input",5,-0.0254582693292371,"catlins","genereg","D","TRUE","FALSE"
"d",6,-0.165980542754736,"catlins","genereg","D","TRUE","FALSE"
"input",6,-0.165980542754736,"catlins","genereg","D","TRUE","FALSE"
"d",1,-0.0524116743471582,"catlins","genereg","D","TRUE","TRUE"
"input",1,-0.0365796210957501,"catlins","genereg","D","TRUE","TRUE"
"d",2,-0.09810547875064,"catlins","genereg","D","TRUE","TRUE"
"input",2,-0.0411879160266257,"catlins","genereg","D","TRUE","TRUE"
"d",3,-0.116169994879672,"catlins","genereg","D","TRUE","TRUE"
"input",3,-0.0418228366615463,"catlins","genereg","D","TRUE","TRUE"
"d",4,-0.14410650281618,"catlins","genereg","D","TRUE","TRUE"
"input",4,-0.0442805939580133,"catlins","genereg","D","TRUE","TRUE"
"d",5,-0.107834101382488,"catlins","genereg","D","TRUE","TRUE"
"input",5,-0.0447721454173067,"catlins","genereg","D","TRUE","TRUE"
"d",6,-0.154531490015361,"catlins","genereg","D","TRUE","TRUE"
"input",6,-0.154531490015361,"catlins","genereg","D","TRUE","TRUE"
"d",1,-0.0693669011477231,"catlins","genereg","u","FALSE","FALSE"
"input",1,-0.00139207700851536,"catlins","genereg","u","FALSE","FALSE"
"d",2,-0.110758978156238,"catlins","genereg","u","FALSE","FALSE"
"input",2,0.00102184376156979,"catlins","genereg","u","FALSE","FALSE"
"d",3,-0.129477971121807,"catlins","genereg","u","FALSE","FALSE"
"input",3,-0.00756756756756757,"catlins","genereg","u","FALSE","FALSE"
"d",4,-0.0955349870418363,"catlins","genereg","u","FALSE","FALSE"
"input",4,-0.00500555349870418,"catlins","genereg","u","FALSE","FALSE"
"d",5,-0.135268419104036,"catlins","genereg","u","FALSE","FALSE"
"input",5,-0.0390522028878193,"catlins","genereg","u","FALSE","FALSE"
"d",6,-0.255179563124769,"catlins","genereg","u","FALSE","FALSE"
"input",6,-0.255179563124769,"catlins","genereg","u","FALSE","FALSE"
"d",1,-0.149973661106234,"catlins","genereg","u","TRUE","FALSE"
"input",1,-0.0194381035996488,"catlins","genereg","u","TRUE","FALSE"
"d",2,-0.145689201053556,"catlins","genereg","u","TRUE","FALSE"
"input",2,-0.0185776997366111,"catlins","genereg","u","TRUE","FALSE"
"d",3,-0.158454784899034,"catlins","genereg","u","TRUE","FALSE"
"input",3,-0.0164179104477612,"catlins","genereg","u","TRUE","FALSE"
"d",4,-0.199034240561896,"catlins","genereg","u","TRUE","FALSE"
"input",4,-0.00698858647936787,"catlins","genereg","u","TRUE","FALSE"
"d",5,-0.185092186128183,"catlins","genereg","u","TRUE","FALSE"
"input",5,-0.0314837576821774,"catlins","genereg","u","TRUE","FALSE"
"d",6,-0.28684811237928,"catlins","genereg","u","TRUE","FALSE"
"input",6,-0.28684811237928,"catlins","genereg","u","TRUE","FALSE"
"d",1,-0.65982440737489,"catlins","genereg","u","TRUE","TRUE"
"input",1,-0.0262686567164179,"catlins","genereg","u","TRUE","TRUE"
"d",2,-0.559209833187006,"catlins","genereg","u","TRUE","TRUE"
"input",2,-0.0274100087796313,"catlins","genereg","u","TRUE","TRUE"
"d",3,-0.506022827041264,"catlins","genereg","u","TRUE","TRUE"
"input",3,-0.0267076382791923,"catlins","genereg","u","TRUE","TRUE"
"d",4,-0.48198419666374,"catlins","genereg","u","TRUE","TRUE"
"input",4,-0.0255662862159789,"catlins","genereg","u","TRUE","TRUE"
"d",5,-0.470008779631255,"catlins","genereg","u","TRUE","TRUE"
"input",5,-0.0387006145741879,"catlins","genereg","u","TRUE","TRUE"
"d",6,-0.262669007901668,"catlins","genereg","u","TRUE","TRUE"
"input",6,-0.262669007901668,"catlins","genereg","u","TRUE","TRUE"
"d",1,-0.748134405277262,"catlins","mutualistic","D","FALSE","FALSE"
"input",1,-0.379146567717996,"catlins","mutualistic","D","FALSE","FALSE"
"d",2,-0.814685631828489,"catlins","mutualistic","D","FALSE","FALSE"
"input",2,-0.491931560502989,"catlins","mutualistic","D","FALSE","FALSE"
"d",3,-0.83873840445269,"catlins","mutualistic","D","FALSE","FALSE"
"input",3,-0.559167182024325,"catlins","mutualistic","D","FALSE","FALSE"
"d",4,-0.855914244485673,"catlins","mutualistic","D","FALSE","FALSE"
"input",4,-0.608517831374974,"catlins","mutualistic","D","FALSE","FALSE"
"d",5,-0.868324056895485,"catlins","mutualistic","D","FALSE","FALSE"
"input",5,-0.65113172541744,"catlins","mutualistic","D","FALSE","FALSE"
"d",6,-0.940894660894661,"catlins","mutualistic","D","FALSE","FALSE"
"input",6,-0.940894660894661,"catlins","mutualistic","D","FALSE","FALSE"
"d",1,-0.761467738610596,"catlins","mutualistic","D","TRUE","FALSE"
"input",1,-0.376120387548959,"catlins","mutualistic","D","TRUE","FALSE"
"d",2,-0.819929911358483,"catlins","mutualistic","D","TRUE","FALSE"
"input",2,-0.487536590393733,"catlins","mutualistic","D","TRUE","FALSE"
"d",3,-0.847313955885384,"catlins","mutualistic","D","TRUE","FALSE"
"input",3,-0.562506699649557,"catlins","mutualistic","D","TRUE","FALSE"
"d",4,-0.862156256441971,"catlins","mutualistic","D","TRUE","FALSE"
"input",4,-0.607157287157287,"catlins","mutualistic","D","TRUE","FALSE"
"d",5,-0.866922284065141,"catlins","mutualistic","D","TRUE","FALSE"
"input",5,-0.647478870336013,"catlins","mutualistic","D","TRUE","FALSE"
"d",6,-0.9401443001443,"catlins","mutualistic","D","TRUE","FALSE"
"input",6,-0.9401443001443,"catlins","mutualistic","D","TRUE","FALSE"
"d",1,-0.76034632034632,"catlins","mutualistic","D","TRUE","TRUE"
"input",1,-0.37819006390435,"catlins","mutualistic","D","TRUE","TRUE"
"d",2,-0.819294990723562,"catlins","mutualistic","D","TRUE","TRUE"
"input",2,-0.476223459080602,"catlins","mutualistic","D","TRUE","TRUE"
"d",3,-0.838284889713461,"catlins","mutualistic","D","TRUE","TRUE"
"input",3,-0.499847454133168,"catlins","mutualistic","D","TRUE","TRUE"
"d",4,-0.857258297258297,"catlins","mutualistic","D","TRUE","TRUE"
"input",4,-0.557509791795506,"catlins","mutualistic","D","TRUE","TRUE"
"d",5,-0.861158524015667,"catlins","mutualistic","D","TRUE","TRUE"
"input",5,-0.613391053391053,"catlins","mutualistic","D","TRUE","TRUE"
"d",6,-0.925046382189239,"catlins","mutualistic","D","TRUE","TRUE"
"input",6,-0.925046382189239,"catlins","mutualistic","D","TRUE","TRUE"
"d",1,-0.654093773599235,"catlins","mutualistic","u","FALSE","FALSE"
"input",1,-0.659628691511512,"catlins","mutualistic","u","FALSE","FALSE"
"d",2,-0.734607444855707,"catlins","mutualistic","u","FALSE","FALSE"
"input",2,-0.745720897440858,"catlins","mutualistic","u","FALSE","FALSE"
"d",3,-0.769553209304947,"catlins","mutualistic","u","FALSE","FALSE"
"input",3,-0.787531314468752,"catlins","mutualistic","u","FALSE","FALSE"
"d",4,-0.794499994984603,"catlins","mutualistic","u","FALSE","FALSE"
"input",4,-0.810476217224976,"catlins","mutualistic","u","FALSE","FALSE"
"d",5,-0.804863260686498,"catlins","mutualistic","u","FALSE","FALSE"
"input",5,-0.83083483245946,"catlins","mutualistic","u","FALSE","FALSE"
"d",6,-0.896158913578973,"catlins","mutualistic","u","FALSE","FALSE"
"input",6,-0.896158913578973,"catlins","mutualistic","u","FALSE","FALSE"
"d",1,-0.651156845802327,"catlins","mutualistic","u","TRUE","FALSE"
"input",1,-0.661697254380472,"catlins","mutualistic","u","TRUE","FALSE"
"d",2,-0.739459938200753,"catlins","mutualistic","u","TRUE","FALSE"
"input",2,-0.747832159969201,"catlins","mutualistic","u","TRUE","FALSE"
"d",3,-0.767968842441534,"catlins","mutualistic","u","TRUE","FALSE"
"input",3,-0.788453418661959,"catlins","mutualistic","u","TRUE","FALSE"
"d",4,-0.783246807699638,"catlins","mutualistic","u","TRUE","FALSE"
"input",4,-0.812424883439779,"catlins","mutualistic","u","TRUE","FALSE"
"d",5,-0.798376491065667,"catlins","mutualistic","u","TRUE","FALSE"
"input",5,-0.827504332586756,"catlins","mutualistic","u","TRUE","FALSE"
"d",6,-0.895142275356774,"catlins","mutualistic","u","TRUE","FALSE"
"input",6,-0.895142275356774,"catlins","mutualistic","u","TRUE","FALSE"
"d",1,-0.654055722496636,"catlins","mutualistic","u","TRUE","TRUE"
"input",1,-0.661431442146437,"catlins","mutualistic","u","TRUE","TRUE"
"d",2,-0.733539583664708,"catlins","mutualistic","u","TRUE","TRUE"
"input",2,-0.740078921336121,"catlins","mutualistic","u","TRUE","TRUE"
"d",3,-0.759104934052303,"catlins","mutualistic","u","TRUE","TRUE"
"input",3,-0.781681699006426,"catlins","mutualistic","u","TRUE","TRUE"
"d",4,-0.783839030585803,"catlins","mutualistic","u","TRUE","TRUE"
"input",4,-0.787866911418053,"catlins","mutualistic","u","TRUE","TRUE"
"d",5,-0.786890021891015,"catlins","mutualistic","u","TRUE","TRUE"
"input",5,-0.811558344116437,"catlins","mutualistic","u","TRUE","TRUE"
"d",6,-0.87581751405386,"catlins","mutualistic","u","TRUE","TRUE"
"input",6,-0.87581751405386,"catlins","mutualistic","u","TRUE","TRUE"
"d",1,0.77570929419986,"catlins","SIS","D","FALSE","FALSE"
"input",1,0.81643605870021,"catlins","SIS","D","FALSE","FALSE"
"d",2,0.808413696715583,"catlins","SIS","D","FALSE","FALSE"
"input",2,0.86345213137666,"catlins","SIS","D","FALSE","FALSE"
"d",3,0.810873515024458,"catlins","SIS","D","FALSE","FALSE"
"input",3,0.88125786163522,"catlins","SIS","D","FALSE","FALSE"
"d",4,0.817638015373864,"catlins","SIS","D","FALSE","FALSE"
"input",4,0.88533892382949,"catlins","SIS","D","FALSE","FALSE"
"d",5,0.835052410901468,"catlins","SIS","D","FALSE","FALSE"
"input",5,0.891404612159329,"catlins","SIS","D","FALSE","FALSE"
"d",6,0.915779175401817,"catlins","SIS","D","FALSE","FALSE"
"input",6,0.915779175401817,"catlins","SIS","D","FALSE","FALSE"
"d",1,0.871111111111111,"catlins","SIS","D","FALSE","TRUE"
"input",1,0.82722571628232,"catlins","SIS","D","FALSE","TRUE"
"d",2,0.841090146750524,"catlins","SIS","D","FALSE","TRUE"
"input",2,0.859874213836478,"catlins","SIS","D","FALSE","TRUE"
"d",3,0.843410202655486,"catlins","SIS","D","FALSE","TRUE"
"input",3,0.872033542976939,"catlins","SIS","D","FALSE","TRUE"
"d",4,0.843633822501747,"catlins","SIS","D","FALSE","TRUE"
"input",4,0.876533892382949,"catlins","SIS","D","FALSE","TRUE"
"d",5,0.838266946191474,"catlins","SIS","D","FALSE","TRUE"
"input",5,0.887407407407407,"catlins","SIS","D","FALSE","TRUE"
"d",6,0.867002096436059,"catlins","SIS","D","FALSE","TRUE"
"input",6,0.867002096436059,"catlins","SIS","D","FALSE","TRUE"
"d",1,0.759714795008913,"chesapeake","doublewell","D","FALSE","FALSE"
"input",1,0.76891265597148,"chesapeake","doublewell","D","FALSE","FALSE"
"d",2,0.803707664884136,"chesapeake","doublewell","D","FALSE","FALSE"
"input",2,0.816042780748663,"chesapeake","doublewell","D","FALSE","FALSE"
"d",3,0.798288770053476,"chesapeake","doublewell","D","FALSE","FALSE"
"input",3,0.816256684491979,"chesapeake","doublewell","D","FALSE","FALSE"
"d",4,0.791729055258467,"chesapeake","doublewell","D","FALSE","FALSE"
"input",4,0.814973262032086,"chesapeake","doublewell","D","FALSE","FALSE"
"d",5,0.784670231729055,"chesapeake","doublewell","D","FALSE","FALSE"
"input",5,0.817254901960784,"chesapeake","doublewell","D","FALSE","FALSE"
"d",6,0.819964349376114,"chesapeake","doublewell","D","FALSE","FALSE"
"input",6,0.819964349376114,"chesapeake","doublewell","D","FALSE","FALSE"
"d",1,0.762424242424242,"chesapeake","doublewell","D","TRUE","FALSE"
"input",1,0.76780303030303,"chesapeake","doublewell","D","TRUE","FALSE"
"d",2,0.804090909090909,"chesapeake","doublewell","D","TRUE","FALSE"
"input",2,0.813333333333333,"chesapeake","doublewell","D","TRUE","FALSE"
"d",3,0.803409090909091,"chesapeake","doublewell","D","TRUE","FALSE"
"input",3,0.819469696969697,"chesapeake","doublewell","D","TRUE","FALSE"
"d",4,0.795909090909091,"chesapeake","doublewell","D","TRUE","FALSE"
"input",4,0.823030303030303,"chesapeake","doublewell","D","TRUE","FALSE"
"d",5,0.789772727272727,"chesapeake","doublewell","D","TRUE","FALSE"
"input",5,0.820075757575757,"chesapeake","doublewell","D","TRUE","FALSE"
"d",6,0.801590909090909,"chesapeake","doublewell","D","TRUE","FALSE"
"input",6,0.801590909090909,"chesapeake","doublewell","D","TRUE","FALSE"
"d",1,0.756060606060606,"chesapeake","doublewell","D","TRUE","TRUE"
"input",1,0.763333333333333,"chesapeake","doublewell","D","TRUE","TRUE"
"d",2,0.789242424242424,"chesapeake","doublewell","D","TRUE","TRUE"
"input",2,0.796666666666667,"chesapeake","doublewell","D","TRUE","TRUE"
"d",3,0.791363636363636,"chesapeake","doublewell","D","TRUE","TRUE"
"input",3,0.797121212121212,"chesapeake","doublewell","D","TRUE","TRUE"
"d",4,0.793181818181818,"chesapeake","doublewell","D","TRUE","TRUE"
"input",4,0.803484848484848,"chesapeake","doublewell","D","TRUE","TRUE"
"d",5,0.799848484848485,"chesapeake","doublewell","D","TRUE","TRUE"
"input",5,0.803409090909091,"chesapeake","doublewell","D","TRUE","TRUE"
"d",6,0.801969696969697,"chesapeake","doublewell","D","TRUE","TRUE"
"input",6,0.801969696969697,"chesapeake","doublewell","D","TRUE","TRUE"
"d",1,0.750706155632985,"chesapeake","doublewell","u","FALSE","FALSE"
"input",1,0.758099883855981,"chesapeake","doublewell","u","FALSE","FALSE"
"d",2,0.786169570267131,"chesapeake","doublewell","u","FALSE","FALSE"
"input",2,0.804562137049942,"chesapeake","doublewell","u","FALSE","FALSE"
"d",3,0.799101045296167,"chesapeake","doublewell","u","FALSE","FALSE"
"input",3,0.814668989547038,"chesapeake","doublewell","u","FALSE","FALSE"
"d",4,0.798478513356562,"chesapeake","doublewell","u","FALSE","FALSE"
"input",4,0.817788617886179,"chesapeake","doublewell","u","FALSE","FALSE"
"d",5,0.805526132404181,"chesapeake","doublewell","u","FALSE","FALSE"
"input",5,0.82412543554007,"chesapeake","doublewell","u","FALSE","FALSE"
"d",6,0.887649245063879,"chesapeake","doublewell","u","FALSE","FALSE"
"input",6,0.887649245063879,"chesapeake","doublewell","u","FALSE","FALSE"
"d",1,0.75234008097166,"chesapeake","doublewell","u","TRUE","FALSE"
"input",1,0.7687665317139,"chesapeake","doublewell","u","TRUE","FALSE"
"d",2,0.795225371120108,"chesapeake","doublewell","u","TRUE","FALSE"
"input",2,0.811587044534413,"chesapeake","doublewell","u","TRUE","FALSE"
"d",3,0.793473684210526,"chesapeake","doublewell","u","TRUE","FALSE"
"input",3,0.819300944669366,"chesapeake","doublewell","u","TRUE","FALSE"
"d",4,0.804844804318489,"chesapeake","doublewell","u","TRUE","FALSE"
"input",4,0.826437246963563,"chesapeake","doublewell","u","TRUE","FALSE"
"d",5,0.803268556005398,"chesapeake","doublewell","u","TRUE","FALSE"
"input",5,0.828960863697706,"chesapeake","doublewell","u","TRUE","FALSE"
"d",6,0.87821052631579,"chesapeake","doublewell","u","TRUE","FALSE"
"input",6,0.87821052631579,"chesapeake","doublewell","u","TRUE","FALSE"
"d",1,0.736138162453952,"chesapeake","doublewell","u","TRUE","TRUE"
"input",1,0.75027559543349,"chesapeake","doublewell","u","TRUE","TRUE"
"d",2,0.769807783491994,"chesapeake","doublewell","u","TRUE","TRUE"
"input",2,0.790282744282744,"chesapeake","doublewell","u","TRUE","TRUE"
"d",3,0.77169296421928,"chesapeake","doublewell","u","TRUE","TRUE"
"input",3,0.790655213918372,"chesapeake","doublewell","u","TRUE","TRUE"
"d",4,0.778490279753438,"chesapeake","doublewell","u","TRUE","TRUE"
"input",4,0.799063354852829,"chesapeake","doublewell","u","TRUE","TRUE"
"d",5,0.795091366670314,"chesapeake","doublewell","u","TRUE","TRUE"
"input",5,0.802978079293869,"chesapeake","doublewell","u","TRUE","TRUE"
"d",6,0.866208775577197,"chesapeake","doublewell","u","TRUE","TRUE"
"input",6,0.866208775577197,"chesapeake","doublewell","u","TRUE","TRUE"
"d",1,-0.0671728395061728,"chesapeake","genereg","D","FALSE","FALSE"
"input",1,-0.0952098765432099,"chesapeake","genereg","D","FALSE","FALSE"
"d",2,-0.0942962962962963,"chesapeake","genereg","D","FALSE","FALSE"
"input",2,-0.131913580246914,"chesapeake","genereg","D","FALSE","FALSE"
"d",3,-0.108469135802469,"chesapeake","genereg","D","FALSE","FALSE"
"input",3,-0.145777777777778,"chesapeake","genereg","D","FALSE","FALSE"
"d",4,-0.135,"chesapeake","genereg","D","FALSE","FALSE"
"input",4,-0.146950617283951,"chesapeake","genereg","D","FALSE","FALSE"
"d",5,-0.155024691358025,"chesapeake","genereg","D","FALSE","FALSE"
"input",5,-0.162320987654321,"chesapeake","genereg","D","FALSE","FALSE"
"d",6,-0.292086419753086,"chesapeake","genereg","D","FALSE","FALSE"
"input",6,-0.292086419753086,"chesapeake","genereg","D","FALSE","FALSE"
"d",1,-0.0216660496112551,"chesapeake","genereg","D","TRUE","FALSE"
"input",1,-0.11462421325435,"chesapeake","genereg","D","TRUE","FALSE"
"d",2,-0.0536542021473528,"chesapeake","genereg","D","TRUE","FALSE"
"input",2,-0.162206590151796,"chesapeake","genereg","D","TRUE","FALSE"
"d",3,-0.0756608663457978,"chesapeake","genereg","D","TRUE","FALSE"
"input",3,-0.1819029988893,"chesapeake","genereg","D","TRUE","FALSE"
"d",4,-0.107130692336172,"chesapeake","genereg","D","TRUE","FALSE"
"input",4,-0.185146242132543,"chesapeake","genereg","D","TRUE","FALSE"
"d",5,-0.0996371714179933,"chesapeake","genereg","D","TRUE","FALSE"
"input",5,-0.201229174379859,"chesapeake","genereg","D","TRUE","FALSE"
"d",6,-0.218748611625324,"chesapeake","genereg","D","TRUE","FALSE"
"input",6,-0.218748611625324,"chesapeake","genereg","D","TRUE","FALSE"
"d",1,-0.739918548685672,"chesapeake","genereg","D","TRUE","TRUE"
"input",1,-0.316593854128101,"chesapeake","genereg","D","TRUE","TRUE"
"d",2,-0.418511662347279,"chesapeake","genereg","D","TRUE","TRUE"
"input",2,-0.244724176231025,"chesapeake","genereg","D","TRUE","TRUE"
"d",3,-0.21067752684191,"chesapeake","genereg","D","TRUE","TRUE"
"input",3,-0.145368382080711,"chesapeake","genereg","D","TRUE","TRUE"
"d",4,-0.0877897075157349,"chesapeake","genereg","D","TRUE","TRUE"
"input",4,-0.0931654942613847,"chesapeake","genereg","D","TRUE","TRUE"
"d",5,-0.076149574231766,"chesapeake","genereg","D","TRUE","TRUE"
"input",5,-0.10074787115883,"chesapeake","genereg","D","TRUE","TRUE"
"d",6,-0.151040355423917,"chesapeake","genereg","D","TRUE","TRUE"
"input",6,-0.151040355423917,"chesapeake","genereg","D","TRUE","TRUE"
"d",1,-0.195749168288243,"chesapeake","genereg","u","FALSE","FALSE"
"input",1,-0.288818027744649,"chesapeake","genereg","u","FALSE","FALSE"
"d",2,-0.213528340970435,"chesapeake","genereg","u","FALSE","FALSE"
"input",2,-0.367030318247442,"chesapeake","genereg","u","FALSE","FALSE"
"d",3,-0.235678865105769,"chesapeake","genereg","u","FALSE","FALSE"
"input",3,-0.406234385788714,"chesapeake","genereg","u","FALSE","FALSE"
"d",4,-0.25540644027368,"chesapeake","genereg","u","FALSE","FALSE"
"input",4,-0.393717908480321,"chesapeake","genereg","u","FALSE","FALSE"
"d",5,-0.266750360931517,"chesapeake","genereg","u","FALSE","FALSE"
"input",5,-0.393017387483523,"chesapeake","genereg","u","FALSE","FALSE"
"d",6,-0.332056995794363,"chesapeake","genereg","u","FALSE","FALSE"
"input",6,-0.332056995794363,"chesapeake","genereg","u","FALSE","FALSE"
"d",1,-0.236445418035779,"chesapeake","genereg","u","TRUE","FALSE"
"input",1,-0.293499817451625,"chesapeake","genereg","u","TRUE","FALSE"
"d",2,-0.248978459291712,"chesapeake","genereg","u","TRUE","FALSE"
"input",2,-0.373017889740781,"chesapeake","genereg","u","TRUE","FALSE"
"d",3,-0.279193866374589,"chesapeake","genereg","u","TRUE","FALSE"
"input",3,-0.422057685286601,"chesapeake","genereg","u","TRUE","FALSE"
"d",4,-0.292962395034684,"chesapeake","genereg","u","TRUE","FALSE"
"input",4,-0.410985031033224,"chesapeake","genereg","u","TRUE","FALSE"
"d",5,-0.302983570646221,"chesapeake","genereg","u","TRUE","FALSE"
"input",5,-0.408186929536327,"chesapeake","genereg","u","TRUE","FALSE"
"d",6,-0.336677619569186,"chesapeake","genereg","u","TRUE","FALSE"
"input",6,-0.336677619569186,"chesapeake","genereg","u","TRUE","FALSE"
"d",1,-0.528110989412194,"chesapeake","genereg","u","TRUE","TRUE"
"input",1,-0.431380795910916,"chesapeake","genereg","u","TRUE","TRUE"
"d",2,-0.27973128879153,"chesapeake","genereg","u","TRUE","TRUE"
"input",2,-0.415363271266886,"chesapeake","genereg","u","TRUE","TRUE"
"d",3,-0.208175246440307,"chesapeake","genereg","u","TRUE","TRUE"
"input",3,-0.316422051843739,"chesapeake","genereg","u","TRUE","TRUE"
"d",4,-0.151962029937934,"chesapeake","genereg","u","TRUE","TRUE"
"input",4,-0.238305951077035,"chesapeake","genereg","u","TRUE","TRUE"
"d",5,-0.157412194231471,"chesapeake","genereg","u","TRUE","TRUE"
"input",5,-0.243785323110624,"chesapeake","genereg","u","TRUE","TRUE"
"d",6,-0.166726542533771,"chesapeake","genereg","u","TRUE","TRUE"
"input",6,-0.166726542533771,"chesapeake","genereg","u","TRUE","TRUE"
"d",1,-0.782057307771593,"chesapeake","mutualistic","D","FALSE","FALSE"
"input",1,-0.636033807462379,"chesapeake","mutualistic","D","FALSE","FALSE"
"d",2,-0.840354566068852,"chesapeake","mutualistic","D","FALSE","FALSE"
"input",2,-0.746864564007421,"chesapeake","mutualistic","D","FALSE","FALSE"
"d",3,-0.867235621521336,"chesapeake","mutualistic","D","FALSE","FALSE"
"input",3,-0.797443826015255,"chesapeake","mutualistic","D","FALSE","FALSE"
"d",4,-0.881962481962482,"chesapeake","mutualistic","D","FALSE","FALSE"
"input",4,-0.82949494949495,"chesapeake","mutualistic","D","FALSE","FALSE"
"d",5,-0.892475778190064,"chesapeake","mutualistic","D","FALSE","FALSE"
"input",5,-0.850752422180994,"chesapeake","mutualistic","D","FALSE","FALSE"
"d",6,-0.960568954854669,"chesapeake","mutualistic","D","FALSE","FALSE"
"input",6,-0.960568954854669,"chesapeake","mutualistic","D","FALSE","FALSE"
"d",1,-0.782486085343228,"chesapeake","mutualistic","D","TRUE","FALSE"
"input",1,-0.632809729952587,"chesapeake","mutualistic","D","TRUE","FALSE"
"d",2,-0.841170892599464,"chesapeake","mutualistic","D","TRUE","FALSE"
"input",2,-0.745734900020614,"chesapeake","mutualistic","D","TRUE","FALSE"
"d",3,-0.864432075860647,"chesapeake","mutualistic","D","TRUE","FALSE"
"input",3,-0.800387548958978,"chesapeake","mutualistic","D","TRUE","FALSE"
"d",4,-0.880478251906823,"chesapeake","mutualistic","D","TRUE","FALSE"
"input",4,-0.83305710162853,"chesapeake","mutualistic","D","TRUE","FALSE"
"d",5,-0.894430014430014,"chesapeake","mutualistic","D","TRUE","FALSE"
"input",5,-0.852764378478664,"chesapeake","mutualistic","D","TRUE","FALSE"
"d",6,-0.961344052772624,"chesapeake","mutualistic","D","TRUE","FALSE"
"input",6,-0.961344052772624,"chesapeake","mutualistic","D","TRUE","FALSE"
"d",1,-0.779756751185323,"chesapeake","mutualistic","D","TRUE","TRUE"
"input",1,-0.633749742321171,"chesapeake","mutualistic","D","TRUE","TRUE"
"d",2,-0.841195629767058,"chesapeake","mutualistic","D","TRUE","TRUE"
"input",2,-0.742618016903731,"chesapeake","mutualistic","D","TRUE","TRUE"
"d",3,-0.866493506493507,"chesapeake","mutualistic","D","TRUE","TRUE"
"input",3,-0.763793032364461,"chesapeake","mutualistic","D","TRUE","TRUE"
"d",4,-0.885945165945166,"chesapeake","mutualistic","D","TRUE","TRUE"
"input",4,-0.801640898783756,"chesapeake","mutualistic","D","TRUE","TRUE"
"d",5,-0.894265099979386,"chesapeake","mutualistic","D","TRUE","TRUE"
"input",5,-0.823450834879406,"chesapeake","mutualistic","D","TRUE","TRUE"
"d",6,-0.952949907235622,"chesapeake","mutualistic","D","TRUE","TRUE"
"input",6,-0.952949907235622,"chesapeake","mutualistic","D","TRUE","TRUE"
"d",1,-0.680083187737124,"chesapeake","mutualistic","u","FALSE","FALSE"
"input",1,-0.712007225670011,"chesapeake","mutualistic","u","FALSE","FALSE"
"d",2,-0.727377070778095,"chesapeake","mutualistic","u","FALSE","FALSE"
"input",2,-0.753585150063958,"chesapeake","mutualistic","u","FALSE","FALSE"
"d",3,-0.754737204059049,"chesapeake","mutualistic","u","FALSE","FALSE"
"input",3,-0.777078277764817,"chesapeake","mutualistic","u","FALSE","FALSE"
"d",4,-0.763119252982318,"chesapeake","mutualistic","u","FALSE","FALSE"
"input",4,-0.793467163211458,"chesapeake","mutualistic","u","FALSE","FALSE"
"d",5,-0.776927788475995,"chesapeake","mutualistic","u","FALSE","FALSE"
"input",5,-0.805504068492424,"chesapeake","mutualistic","u","FALSE","FALSE"
"d",6,-0.865638116730804,"chesapeake","mutualistic","u","FALSE","FALSE"
"input",6,-0.865638116730804,"chesapeake","mutualistic","u","FALSE","FALSE"
"d",1,-0.670944763541094,"chesapeake","mutualistic","u","TRUE","FALSE"
"input",1,-0.701192666155969,"chesapeake","mutualistic","u","TRUE","FALSE"
"d",2,-0.730581164984835,"chesapeake","mutualistic","u","TRUE","FALSE"
"input",2,-0.745429933448282,"chesapeake","mutualistic","u","TRUE","FALSE"
"d",3,-0.746332162378034,"chesapeake","mutualistic","u","TRUE","FALSE"
"input",3,-0.771916454999024,"chesapeake","mutualistic","u","TRUE","FALSE"
"d",4,-0.759791501378657,"chesapeake","mutualistic","u","TRUE","FALSE"
"input",4,-0.788718617342471,"chesapeake","mutualistic","u","TRUE","FALSE"
"d",5,-0.771691844113862,"chesapeake","mutualistic","u","TRUE","FALSE"
"input",5,-0.801650682971784,"chesapeake","mutualistic","u","TRUE","FALSE"
"d",6,-0.864488461176535,"chesapeake","mutualistic","u","TRUE","FALSE"
"input",6,-0.864488461176535,"chesapeake","mutualistic","u","TRUE","FALSE"
"d",1,-0.709570107221483,"chesapeake","mutualistic","u","TRUE","TRUE"
"input",1,-0.713809255460632,"chesapeake","mutualistic","u","TRUE","TRUE"
"d",2,-0.720597254468814,"chesapeake","mutualistic","u","TRUE","TRUE"
"input",2,-0.736684654629609,"chesapeake","mutualistic","u","TRUE","TRUE"
"d",3,-0.725281879043347,"chesapeake","mutualistic","u","TRUE","TRUE"
"input",3,-0.6993164574082,"chesapeake","mutualistic","u","TRUE","TRUE"
"d",4,-0.713734899202789,"chesapeake","mutualistic","u","TRUE","TRUE"
"input",4,-0.733256873220176,"chesapeake","mutualistic","u","TRUE","TRUE"
"d",5,-0.708806407742188,"chesapeake","mutualistic","u","TRUE","TRUE"
"input",5,-0.729293330027275,"chesapeake","mutualistic","u","TRUE","TRUE"
"d",6,-0.815719165370542,"chesapeake","mutualistic","u","TRUE","TRUE"
"input",6,-0.815719165370542,"chesapeake","mutualistic","u","TRUE","TRUE"
"d",1,0.765945945945946,"chesapeake","SIS","D","FALSE","FALSE"
"input",1,0.804204204204204,"chesapeake","SIS","D","FALSE","FALSE"
"d",2,0.814054054054054,"chesapeake","SIS","D","FALSE","FALSE"
"input",2,0.855375375375375,"chesapeake","SIS","D","FALSE","FALSE"
"d",3,0.827987987987988,"chesapeake","SIS","D","FALSE","FALSE"
"input",3,0.871291291291291,"chesapeake","SIS","D","FALSE","FALSE"
"d",4,0.833033033033033,"chesapeake","SIS","D","FALSE","FALSE"
"input",4,0.883543543543544,"chesapeake","SIS","D","FALSE","FALSE"
"d",5,0.856756756756757,"chesapeake","SIS","D","FALSE","FALSE"
"input",5,0.891591591591592,"chesapeake","SIS","D","FALSE","FALSE"
"d",6,0.925645645645646,"chesapeake","SIS","D","FALSE","FALSE"
"input",6,0.925645645645646,"chesapeake","SIS","D","FALSE","FALSE"
"d",1,0.869309309309309,"chesapeake","SIS","D","FALSE","TRUE"
"input",1,0.805225225225225,"chesapeake","SIS","D","FALSE","TRUE"
"d",2,0.873213213213213,"chesapeake","SIS","D","FALSE","TRUE"
"input",2,0.837477477477477,"chesapeake","SIS","D","FALSE","TRUE"
"d",3,0.871951951951952,"chesapeake","SIS","D","FALSE","TRUE"
"input",3,0.853453453453453,"chesapeake","SIS","D","FALSE","TRUE"
"d",4,0.867987987987988,"chesapeake","SIS","D","FALSE","TRUE"
"input",4,0.866846846846847,"chesapeake","SIS","D","FALSE","TRUE"
"d",5,0.871231231231231,"chesapeake","SIS","D","FALSE","TRUE"
"input",5,0.873993993993994,"chesapeake","SIS","D","FALSE","TRUE"
"d",6,0.895075075075075,"chesapeake","SIS","D","FALSE","TRUE"
"input",6,0.895075075075075,"chesapeake","SIS","D","FALSE","TRUE"
"d",1,0.675938744799504,"dolphin","doublewell","D","FALSE","FALSE"
"input",1,0.718855827716587,"dolphin","doublewell","D","FALSE","FALSE"
"d",2,0.759325737553586,"dolphin","doublewell","D","FALSE","FALSE"
"input",2,0.780462406791521,"dolphin","doublewell","D","FALSE","FALSE"
"d",3,0.775559798850938,"dolphin","doublewell","D","FALSE","FALSE"
"input",3,0.813191702811956,"dolphin","doublewell","D","FALSE","FALSE"
"d",4,0.792183006866551,"dolphin","doublewell","D","FALSE","FALSE"
"input",4,0.831666055463524,"dolphin","doublewell","D","FALSE","FALSE"
"d",5,0.800677634601685,"dolphin","doublewell","D","FALSE","FALSE"
"input",5,0.843101371202637,"dolphin","doublewell","D","FALSE","FALSE"
"d",6,0.892739159574603,"dolphin","doublewell","D","FALSE","FALSE"
"input",6,0.892739159574603,"dolphin","doublewell","D","FALSE","FALSE"
"d",1,0.707942184397881,"dolphin","doublewell","D","TRUE","FALSE"
"input",1,0.726534225268403,"dolphin","doublewell","D","TRUE","FALSE"
"d",2,0.764910195289942,"dolphin","doublewell","D","TRUE","FALSE"
"input",2,0.789234900120976,"dolphin","doublewell","D","TRUE","FALSE"
"d",3,0.7890067738169,"dolphin","doublewell","D","TRUE","FALSE"
"input",3,0.818096839868992,"dolphin","doublewell","D","TRUE","FALSE"
"d",4,0.791789813561965,"dolphin","doublewell","D","TRUE","FALSE"
"input",4,0.832015073534061,"dolphin","doublewell","D","TRUE","FALSE"
"d",5,0.809381504571378,"dolphin","doublewell","D","TRUE","FALSE"
"input",5,0.844895695022277,"dolphin","doublewell","D","TRUE","FALSE"
"d",6,0.892481358304143,"dolphin","doublewell","D","TRUE","FALSE"
"input",6,0.892481358304143,"dolphin","doublewell","D","TRUE","FALSE"
"d",1,0.684457146229298,"dolphin","doublewell","D","TRUE","TRUE"
"input",1,0.727215063417595,"dolphin","doublewell","D","TRUE","TRUE"
"d",2,0.765087233441664,"dolphin","doublewell","D","TRUE","TRUE"
"input",2,0.787661621079343,"dolphin","doublewell","D","TRUE","TRUE"
"d",3,0.769179175255125,"dolphin","doublewell","D","TRUE","TRUE"
"input",3,0.811429077251862,"dolphin","doublewell","D","TRUE","TRUE"
"d",4,0.78397821587695,"dolphin","doublewell","D","TRUE","TRUE"
"input",4,0.822678418627786,"dolphin","doublewell","D","TRUE","TRUE"
"d",5,0.788381913445205,"dolphin","doublewell","D","TRUE","TRUE"
"input",5,0.830022972807783,"dolphin","doublewell","D","TRUE","TRUE"
"d",6,0.855043016055674,"dolphin","doublewell","D","TRUE","TRUE"
"input",6,0.855043016055674,"dolphin","doublewell","D","TRUE","TRUE"
"d",1,0.73072530375422,"dolphin","doublewell","u","FALSE","FALSE"
"input",1,0.751450009995979,"dolphin","doublewell","u","FALSE","FALSE"
"d",2,0.800186369977021,"dolphin","doublewell","u","FALSE","FALSE"
"input",2,0.81421102073548,"dolphin","doublewell","u","FALSE","FALSE"
"d",3,0.82563657315372,"dolphin","doublewell","u","FALSE","FALSE"
"input",3,0.845811810530146,"dolphin","doublewell","u","FALSE","FALSE"
"d",4,0.844215068545462,"dolphin","doublewell","u","FALSE","FALSE"
"input",4,0.864556162801929,"dolphin","doublewell","u","FALSE","FALSE"
"d",5,0.857944503222299,"dolphin","doublewell","u","FALSE","FALSE"
"input",5,0.877074668841073,"dolphin","doublewell","u","FALSE","FALSE"
"d",6,0.959467980295567,"dolphin","doublewell","u","FALSE","FALSE"
"input",6,0.959467980295567,"dolphin","doublewell","u","FALSE","FALSE"
"d",1,0.720315345415275,"dolphin","doublewell","u","TRUE","FALSE"
"input",1,0.740391076912693,"dolphin","doublewell","u","TRUE","FALSE"
"d",2,0.793478046640343,"dolphin","doublewell","u","TRUE","FALSE"
"input",2,0.813455232695488,"dolphin","doublewell","u","TRUE","FALSE"
"d",3,0.825510040160642,"dolphin","doublewell","u","TRUE","FALSE"
"input",3,0.840429685127063,"dolphin","doublewell","u","TRUE","FALSE"
"d",4,0.843489993587797,"dolphin","doublewell","u","TRUE","FALSE"
"input",4,0.856155782795046,"dolphin","doublewell","u","TRUE","FALSE"
"d",5,0.858086058519793,"dolphin","doublewell","u","TRUE","FALSE"
"input",5,0.872059532246633,"dolphin","doublewell","u","TRUE","FALSE"
"d",6,0.958059734737268,"dolphin","doublewell","u","TRUE","FALSE"
"input",6,0.958059734737268,"dolphin","doublewell","u","TRUE","FALSE"
"d",1,0.7314814637384,"dolphin","doublewell","u","TRUE","TRUE"
"input",1,0.735813438384572,"dolphin","doublewell","u","TRUE","TRUE"
"d",2,0.786075583272566,"dolphin","doublewell","u","TRUE","TRUE"
"input",2,0.812227843852466,"dolphin","doublewell","u","TRUE","TRUE"
"d",3,0.811150403806019,"dolphin","doublewell","u","TRUE","TRUE"
"input",3,0.834943854700379,"dolphin","doublewell","u","TRUE","TRUE"
"d",4,0.819680544287022,"dolphin","doublewell","u","TRUE","TRUE"
"input",4,0.845986811768492,"dolphin","doublewell","u","TRUE","TRUE"
"d",5,0.843127861921752,"dolphin","doublewell","u","TRUE","TRUE"
"input",5,0.852698870847955,"dolphin","doublewell","u","TRUE","TRUE"
"d",6,0.939311258073826,"dolphin","doublewell","u","TRUE","TRUE"
"input",6,0.939311258073826,"dolphin","doublewell","u","TRUE","TRUE"
"d",1,-0.0522263352723427,"dolphin","genereg","D","FALSE","FALSE"
"input",1,-0.0222104706504495,"dolphin","genereg","D","FALSE","FALSE"
"d",2,-0.0782654680063458,"dolphin","genereg","D","FALSE","FALSE"
"input",2,-0.0487784241142253,"dolphin","genereg","D","FALSE","FALSE"
"d",3,-0.104918032786885,"dolphin","genereg","D","FALSE","FALSE"
"input",3,-0.0612797461660497,"dolphin","genereg","D","FALSE","FALSE"
"d",4,-0.134320465362242,"dolphin","genereg","D","FALSE","FALSE"
"input",4,-0.0630988894764675,"dolphin","genereg","D","FALSE","FALSE"
"d",5,-0.118075092543628,"dolphin","genereg","D","FALSE","FALSE"
"input",5,-0.0681755684822845,"dolphin","genereg","D","FALSE","FALSE"
"d",6,-0.263352723426758,"dolphin","genereg","D","FALSE","FALSE"
"input",6,-0.263352723426758,"dolphin","genereg","D","FALSE","FALSE"
"d",1,-0.0308405797101449,"dolphin","genereg","D","TRUE","FALSE"
"input",1,-0.0375652173913044,"dolphin","genereg","D","TRUE","FALSE"
"d",2,-0.0389565217391304,"dolphin","genereg","D","TRUE","FALSE"
"input",2,-0.117797101449275,"dolphin","genereg","D","TRUE","FALSE"
"d",3,-0.0543768115942029,"dolphin","genereg","D","TRUE","FALSE"
"input",3,-0.107671497584541,"dolphin","genereg","D","TRUE","FALSE"
"d",4,-0.0380676328502416,"dolphin","genereg","D","TRUE","FALSE"
"input",4,-0.096231884057971,"dolphin","genereg","D","TRUE","FALSE"
"d",5,-0.0448695652173913,"dolphin","genereg","D","TRUE","FALSE"
"input",5,-0.0987053140096619,"dolphin","genereg","D","TRUE","FALSE"
"d",6,-0.122821256038647,"dolphin","genereg","D","TRUE","FALSE"
"input",6,-0.122821256038647,"dolphin","genereg","D","TRUE","FALSE"
"d",1,-0.692753623188406,"dolphin","genereg","D","TRUE","TRUE"
"input",1,-0.620367149758454,"dolphin","genereg","D","TRUE","TRUE"
"d",2,-0.705159420289855,"dolphin","genereg","D","TRUE","TRUE"
"input",2,-0.498666666666667,"dolphin","genereg","D","TRUE","TRUE"
"d",3,-0.585545893719807,"dolphin","genereg","D","TRUE","TRUE"
"input",3,-0.375574879227053,"dolphin","genereg","D","TRUE","TRUE"
"d",4,-0.439227053140097,"dolphin","genereg","D","TRUE","TRUE"
"input",4,-0.15424154589372,"dolphin","genereg","D","TRUE","TRUE"
"d",5,-0.229642512077295,"dolphin","genereg","D","TRUE","TRUE"
"input",5,-0.153739130434783,"dolphin","genereg","D","TRUE","TRUE"
"d",6,-0.0911690821256039,"dolphin","genereg","D","TRUE","TRUE"
"input",6,-0.0911690821256039,"dolphin","genereg","D","TRUE","TRUE"
"d",1,-0.13859649122807,"dolphin","genereg","u","FALSE","FALSE"
"input",1,-0.0815538847117794,"dolphin","genereg","u","FALSE","FALSE"
"d",2,-0.183032581453634,"dolphin","genereg","u","FALSE","FALSE"
"input",2,-0.303583959899749,"dolphin","genereg","u","FALSE","FALSE"
"d",3,-0.188796992481203,"dolphin","genereg","u","FALSE","FALSE"
"input",3,-0.377844611528822,"dolphin","genereg","u","FALSE","FALSE"
"d",4,-0.191979949874687,"dolphin","genereg","u","FALSE","FALSE"
"input",4,-0.358671679197995,"dolphin","genereg","u","FALSE","FALSE"
"d",5,-0.17719298245614,"dolphin","genereg","u","FALSE","FALSE"
"input",5,-0.347944862155388,"dolphin","genereg","u","FALSE","FALSE"
"d",6,-0.361929824561403,"dolphin","genereg","u","FALSE","FALSE"
"input",6,-0.361929824561403,"dolphin","genereg","u","FALSE","FALSE"
"d",1,-0.063610188261351,"dolphin","genereg","u","TRUE","FALSE"
"input",1,-0.0711849390919158,"dolphin","genereg","u","TRUE","FALSE"
"d",2,-0.0640531561461794,"dolphin","genereg","u","TRUE","FALSE"
"input",2,-0.179003322259136,"dolphin","genereg","u","TRUE","FALSE"
"d",3,-0.0870431893687708,"dolphin","genereg","u","TRUE","FALSE"
"input",3,-0.161771871539313,"dolphin","genereg","u","TRUE","FALSE"
"d",4,-0.103388704318937,"dolphin","genereg","u","TRUE","FALSE"
"input",4,-0.143167220376523,"dolphin","genereg","u","TRUE","FALSE"
"d",5,-0.121683277962348,"dolphin","genereg","u","TRUE","FALSE"
"input",5,-0.145692137320044,"dolphin","genereg","u","TRUE","FALSE"
"d",6,-0.219667774086379,"dolphin","genereg","u","TRUE","FALSE"
"input",6,-0.219667774086379,"dolphin","genereg","u","TRUE","FALSE"
"d",1,-0.530321151716501,"dolphin","genereg","u","TRUE","TRUE"
"input",1,-0.614928017718715,"dolphin","genereg","u","TRUE","TRUE"
"d",2,-0.583565891472868,"dolphin","genereg","u","TRUE","TRUE"
"input",2,-0.564473975636766,"dolphin","genereg","u","TRUE","TRUE"
"d",3,-0.54250276854928,"dolphin","genereg","u","TRUE","TRUE"
"input",3,-0.448815060908084,"dolphin","genereg","u","TRUE","TRUE"
"d",4,-0.437785160575858,"dolphin","genereg","u","TRUE","TRUE"
"input",4,-0.198848283499446,"dolphin","genereg","u","TRUE","TRUE"
"d",5,-0.356190476190476,"dolphin","genereg","u","TRUE","TRUE"
"input",5,-0.198671096345515,"dolphin","genereg","u","TRUE","TRUE"
"d",6,-0.20921373200443,"dolphin","genereg","u","TRUE","TRUE"
"input",6,-0.20921373200443,"dolphin","genereg","u","TRUE","TRUE"
"d",1,-0.732170686456401,"dolphin","mutualistic","D","FALSE","FALSE"
"input",1,-0.339616573902288,"dolphin","mutualistic","D","FALSE","FALSE"
"d",2,-0.812121212121212,"dolphin","mutualistic","D","FALSE","FALSE"
"input",2,-0.492607709750567,"dolphin","mutualistic","D","FALSE","FALSE"
"d",3,-0.845087610801897,"dolphin","mutualistic","D","FALSE","FALSE"
"input",3,-0.566571840857555,"dolphin","mutualistic","D","FALSE","FALSE"
"d",4,-0.865231910946197,"dolphin","mutualistic","D","FALSE","FALSE"
"input",4,-0.615460729746444,"dolphin","mutualistic","D","FALSE","FALSE"
"d",5,-0.873164296021439,"dolphin","mutualistic","D","FALSE","FALSE"
"input",5,-0.652434549577407,"dolphin","mutualistic","D","FALSE","FALSE"
"d",6,-0.951432694289837,"dolphin","mutualistic","D","FALSE","FALSE"
"input",6,-0.951432694289837,"dolphin","mutualistic","D","FALSE","FALSE"
"d",1,-0.739616573902288,"dolphin","mutualistic","D","TRUE","FALSE"
"input",1,-0.347400535971965,"dolphin","mutualistic","D","TRUE","FALSE"
"d",2,-0.814660894660895,"dolphin","mutualistic","D","TRUE","FALSE"
"input",2,-0.47959595959596,"dolphin","mutualistic","D","TRUE","FALSE"
"d",3,-0.840659657802515,"dolphin","mutualistic","D","TRUE","FALSE"
"input",3,-0.55833436404865,"dolphin","mutualistic","D","TRUE","FALSE"
"d",4,-0.862246959389817,"dolphin","mutualistic","D","TRUE","FALSE"
"input",4,-0.61273964131107,"dolphin","mutualistic","D","TRUE","FALSE"
"d",5,-0.871309008451866,"dolphin","mutualistic","D","TRUE","FALSE"
"input",5,-0.649004329004329,"dolphin","mutualistic","D","TRUE","FALSE"
"d",6,-0.951787260358689,"dolphin","mutualistic","D","TRUE","FALSE"
"input",6,-0.951787260358689,"dolphin","mutualistic","D","TRUE","FALSE"
"d",1,-0.73968253968254,"dolphin","mutualistic","D","TRUE","TRUE"
"input",1,-0.270847247990105,"dolphin","mutualistic","D","TRUE","TRUE"
"d",2,-0.814421768707483,"dolphin","mutualistic","D","TRUE","TRUE"
"input",2,-0.415914244485673,"dolphin","mutualistic","D","TRUE","TRUE"
"d",3,-0.848286951144094,"dolphin","mutualistic","D","TRUE","TRUE"
"input",3,-0.461438878581736,"dolphin","mutualistic","D","TRUE","TRUE"
"d",4,-0.860713254998969,"dolphin","mutualistic","D","TRUE","TRUE"
"input",4,-0.483397237682952,"dolphin","mutualistic","D","TRUE","TRUE"
"d",5,-0.874112554112554,"dolphin","mutualistic","D","TRUE","TRUE"
"input",5,-0.551309008451866,"dolphin","mutualistic","D","TRUE","TRUE"
"d",6,-0.926687280972995,"dolphin","mutualistic","D","TRUE","TRUE"
"input",6,-0.926687280972995,"dolphin","mutualistic","D","TRUE","TRUE"
"d",1,-0.6281543688593,"dolphin","mutualistic","u","FALSE","FALSE"
"input",1,-0.650304398217923,"dolphin","mutualistic","u","FALSE","FALSE"
"d",2,-0.707439612245479,"dolphin","mutualistic","u","FALSE","FALSE"
"input",2,-0.724339201689384,"dolphin","mutualistic","u","FALSE","FALSE"
"d",3,-0.744481406495835,"dolphin","mutualistic","u","FALSE","FALSE"
"input",3,-0.764188465865301,"dolphin","mutualistic","u","FALSE","FALSE"
"d",4,-0.759546917054195,"dolphin","mutualistic","u","FALSE","FALSE"
"input",4,-0.791696205216484,"dolphin","mutualistic","u","FALSE","FALSE"
"d",5,-0.772350657185951,"dolphin","mutualistic","u","FALSE","FALSE"
"input",5,-0.811615522261154,"dolphin","mutualistic","u","FALSE","FALSE"
"d",6,-0.894244494082103,"dolphin","mutualistic","u","FALSE","FALSE"
"input",6,-0.894244494082103,"dolphin","mutualistic","u","FALSE","FALSE"
"d",1,-0.611348668698249,"dolphin","mutualistic","u","TRUE","FALSE"
"input",1,-0.645427032351402,"dolphin","mutualistic","u","TRUE","FALSE"
"d",2,-0.700481257118232,"dolphin","mutualistic","u","TRUE","FALSE"
"input",2,-0.710877717240742,"dolphin","mutualistic","u","TRUE","FALSE"
"d",3,-0.72648205743836,"dolphin","mutualistic","u","TRUE","FALSE"
"input",3,-0.75194559054391,"dolphin","mutualistic","u","TRUE","FALSE"
"d",4,-0.753336072890695,"dolphin","mutualistic","u","TRUE","FALSE"
"input",4,-0.779539107950873,"dolphin","mutualistic","u","TRUE","FALSE"
"d",5,-0.764575910364146,"dolphin","mutualistic","u","TRUE","FALSE"
"input",5,-0.79929723273925,"dolphin","mutualistic","u","TRUE","FALSE"
"d",6,-0.889085351063502,"dolphin","mutualistic","u","TRUE","FALSE"
"input",6,-0.889085351063502,"dolphin","mutualistic","u","TRUE","FALSE"
"d",1,-0.634666666666667,"dolphin","mutualistic","u","TRUE","TRUE"
"input",1,-0.675921568627451,"dolphin","mutualistic","u","TRUE","TRUE"
"d",2,-0.693019607843137,"dolphin","mutualistic","u","TRUE","TRUE"
"input",2,-0.730352941176471,"dolphin","mutualistic","u","TRUE","TRUE"
"d",3,-0.704062745098039,"dolphin","mutualistic","u","TRUE","TRUE"
"input",3,-0.658321568627451,"dolphin","mutualistic","u","TRUE","TRUE"
"d",4,-0.712470588235294,"dolphin","mutualistic","u","TRUE","TRUE"
"input",4,-0.667105882352941,"dolphin","mutualistic","u","TRUE","TRUE"
"d",5,-0.71196862745098,"dolphin","mutualistic","u","TRUE","TRUE"
"input",5,-0.694996078431373,"dolphin","mutualistic","u","TRUE","TRUE"
"d",6,-0.84483137254902,"dolphin","mutualistic","u","TRUE","TRUE"
"input",6,-0.84483137254902,"dolphin","mutualistic","u","TRUE","TRUE"
"d",1,0.739299435028249,"dolphin","SIS","D","FALSE","FALSE"
"input",1,0.777242937853107,"dolphin","SIS","D","FALSE","FALSE"
"d",2,0.797446327683616,"dolphin","SIS","D","FALSE","FALSE"
"input",2,0.82625988700565,"dolphin","SIS","D","FALSE","FALSE"
"d",3,0.819186440677966,"dolphin","SIS","D","FALSE","FALSE"
"input",3,0.849265536723164,"dolphin","SIS","D","FALSE","FALSE"
"d",4,0.833627118644068,"dolphin","SIS","D","FALSE","FALSE"
"input",4,0.865084745762712,"dolphin","SIS","D","FALSE","FALSE"
"d",5,0.845898305084746,"dolphin","SIS","D","FALSE","FALSE"
"input",5,0.873016949152542,"dolphin","SIS","D","FALSE","FALSE"
"d",6,0.931435028248588,"dolphin","SIS","D","FALSE","FALSE"
"input",6,0.931435028248588,"dolphin","SIS","D","FALSE","FALSE"
"d",1,0.879570621468927,"dolphin","SIS","D","FALSE","TRUE"
"input",1,0.811774011299435,"dolphin","SIS","D","FALSE","TRUE"
"d",2,0.887344632768362,"dolphin","SIS","D","FALSE","TRUE"
"input",2,0.798553672316384,"dolphin","SIS","D","FALSE","TRUE"
"d",3,0.888474576271186,"dolphin","SIS","D","FALSE","TRUE"
"input",3,0.827457627118644,"dolphin","SIS","D","FALSE","TRUE"
"d",4,0.87916384180791,"dolphin","SIS","D","FALSE","TRUE"
"input",4,0.849604519774011,"dolphin","SIS","D","FALSE","TRUE"
"d",5,0.86671186440678,"dolphin","SIS","D","FALSE","TRUE"
"input",5,0.852700564971751,"dolphin","SIS","D","FALSE","TRUE"
"d",6,0.895435028248588,"dolphin","SIS","D","FALSE","TRUE"
"input",6,0.895435028248588,"dolphin","SIS","D","FALSE","TRUE"
"d",1,0.690481931306138,"erdosrenyi","doublewell","D","FALSE","FALSE"
"input",1,0.722570698178707,"erdosrenyi","doublewell","D","FALSE","FALSE"
"d",2,0.757368824167189,"erdosrenyi","doublewell","D","FALSE","FALSE"
"input",2,0.776552176897138,"erdosrenyi","doublewell","D","FALSE","FALSE"
"d",3,0.776940109217869,"erdosrenyi","doublewell","D","FALSE","FALSE"
"input",3,0.808964618582953,"erdosrenyi","doublewell","D","FALSE","FALSE"
"d",4,0.794548257786001,"erdosrenyi","doublewell","D","FALSE","FALSE"
"input",4,0.825984900480439,"erdosrenyi","doublewell","D","FALSE","FALSE"
"d",5,0.808828344921568,"erdosrenyi","doublewell","D","FALSE","FALSE"
"input",5,0.835373061581769,"erdosrenyi","doublewell","D","FALSE","FALSE"
"d",6,0.897605164473357,"erdosrenyi","doublewell","D","FALSE","FALSE"
"input",6,0.897605164473357,"erdosrenyi","doublewell","D","FALSE","FALSE"
"d",1,0.700220602212187,"erdosrenyi","doublewell","D","TRUE","FALSE"
"input",1,0.729455686903092,"erdosrenyi","doublewell","D","TRUE","FALSE"
"d",2,0.742603044454377,"erdosrenyi","doublewell","D","TRUE","FALSE"
"input",2,0.773717306536381,"erdosrenyi","doublewell","D","TRUE","FALSE"
"d",3,0.766136687062353,"erdosrenyi","doublewell","D","TRUE","FALSE"
"input",3,0.806580254714897,"erdosrenyi","doublewell","D","TRUE","FALSE"
"d",4,0.788935262960508,"erdosrenyi","doublewell","D","TRUE","FALSE"
"input",4,0.824614562622978,"erdosrenyi","doublewell","D","TRUE","FALSE"
"d",5,0.80280278860924,"erdosrenyi","doublewell","D","TRUE","FALSE"
"input",5,0.834694141762865,"erdosrenyi","doublewell","D","TRUE","FALSE"
"d",6,0.893302714116178,"erdosrenyi","doublewell","D","TRUE","FALSE"
"input",6,0.893302714116178,"erdosrenyi","doublewell","D","TRUE","FALSE"
"d",1,0.694474360465567,"erdosrenyi","doublewell","D","TRUE","TRUE"
"input",1,0.72799371068057,"erdosrenyi","doublewell","D","TRUE","TRUE"
"d",2,0.73433777057226,"erdosrenyi","doublewell","D","TRUE","TRUE"
"input",2,0.737071381747493,"erdosrenyi","doublewell","D","TRUE","TRUE"
"d",3,0.74885723948743,"erdosrenyi","doublewell","D","TRUE","TRUE"
"input",3,0.743380781190259,"erdosrenyi","doublewell","D","TRUE","TRUE"
"d",4,0.768404596977142,"erdosrenyi","doublewell","D","TRUE","TRUE"
"input",4,0.78177963880553,"erdosrenyi","doublewell","D","TRUE","TRUE"
"d",5,0.77682755132291,"erdosrenyi","doublewell","D","TRUE","TRUE"
"input",5,0.79507742650879,"erdosrenyi","doublewell","D","TRUE","TRUE"
"d",6,0.868981727928479,"erdosrenyi","doublewell","D","TRUE","TRUE"
"input",6,0.868981727928479,"erdosrenyi","doublewell","D","TRUE","TRUE"
"d",1,0.728427864595915,"erdosrenyi","doublewell","u","FALSE","FALSE"
"input",1,0.751503418147287,"erdosrenyi","doublewell","u","FALSE","FALSE"
"d",2,0.798650504356415,"erdosrenyi","doublewell","u","FALSE","FALSE"
"input",2,0.81138149458423,"erdosrenyi","doublewell","u","FALSE","FALSE"
"d",3,0.82922058129679,"erdosrenyi","doublewell","u","FALSE","FALSE"
"input",3,0.844376464440949,"erdosrenyi","doublewell","u","FALSE","FALSE"
"d",4,0.848571733970855,"erdosrenyi","doublewell","u","FALSE","FALSE"
"input",4,0.863227971724308,"erdosrenyi","doublewell","u","FALSE","FALSE"
"d",5,0.864312008460518,"erdosrenyi","doublewell","u","FALSE","FALSE"
"input",5,0.874063447923731,"erdosrenyi","doublewell","u","FALSE","FALSE"
"d",6,0.957155201960283,"erdosrenyi","doublewell","u","FALSE","FALSE"
"input",6,0.957155201960283,"erdosrenyi","doublewell","u","FALSE","FALSE"
"d",1,0.727607340354338,"erdosrenyi","doublewell","u","TRUE","FALSE"
"input",1,0.757412090686016,"erdosrenyi","doublewell","u","TRUE","FALSE"
"d",2,0.799032909490097,"erdosrenyi","doublewell","u","TRUE","FALSE"
"input",2,0.811607786505113,"erdosrenyi","doublewell","u","TRUE","FALSE"
"d",3,0.826596339215479,"erdosrenyi","doublewell","u","TRUE","FALSE"
"input",3,0.841206603031477,"erdosrenyi","doublewell","u","TRUE","FALSE"
"d",4,0.850830544890987,"erdosrenyi","doublewell","u","TRUE","FALSE"
"input",4,0.855376586476935,"erdosrenyi","doublewell","u","TRUE","FALSE"
"d",5,0.861062308478039,"erdosrenyi","doublewell","u","TRUE","FALSE"
"input",5,0.867768659082104,"erdosrenyi","doublewell","u","TRUE","FALSE"
"d",6,0.95478484965893,"erdosrenyi","doublewell","u","TRUE","FALSE"
"input",6,0.95478484965893,"erdosrenyi","doublewell","u","TRUE","FALSE"
"d",1,0.724637505771427,"erdosrenyi","doublewell","u","TRUE","TRUE"
"input",1,0.753636143500194,"erdosrenyi","doublewell","u","TRUE","TRUE"
"d",2,0.78611803587076,"erdosrenyi","doublewell","u","TRUE","TRUE"
"input",2,0.761601859435908,"erdosrenyi","doublewell","u","TRUE","TRUE"
"d",3,0.812753371728512,"erdosrenyi","doublewell","u","TRUE","TRUE"
"input",3,0.768248896817603,"erdosrenyi","doublewell","u","TRUE","TRUE"
"d",4,0.833859184324018,"erdosrenyi","doublewell","u","TRUE","TRUE"
"input",4,0.799419523791145,"erdosrenyi","doublewell","u","TRUE","TRUE"
"d",5,0.848097328776229,"erdosrenyi","doublewell","u","TRUE","TRUE"
"input",5,0.813976694155099,"erdosrenyi","doublewell","u","TRUE","TRUE"
"d",6,0.937805754130769,"erdosrenyi","doublewell","u","TRUE","TRUE"
"input",6,0.937805754130769,"erdosrenyi","doublewell","u","TRUE","TRUE"
"d",1,-0.169403846153846,"erdosrenyi","genereg","D","FALSE","FALSE"
"input",1,-0.135807692307692,"erdosrenyi","genereg","D","FALSE","FALSE"
"d",2,-0.232,"erdosrenyi","genereg","D","FALSE","FALSE"
"input",2,-0.1815,"erdosrenyi","genereg","D","FALSE","FALSE"
"d",3,-0.286346153846154,"erdosrenyi","genereg","D","FALSE","FALSE"
"input",3,-0.214807692307692,"erdosrenyi","genereg","D","FALSE","FALSE"
"d",4,-0.310134615384615,"erdosrenyi","genereg","D","FALSE","FALSE"
"input",4,-0.264788461538462,"erdosrenyi","genereg","D","FALSE","FALSE"
"d",5,-0.335057692307692,"erdosrenyi","genereg","D","FALSE","FALSE"
"input",5,-0.260403846153846,"erdosrenyi","genereg","D","FALSE","FALSE"
"d",6,-0.552134615384616,"erdosrenyi","genereg","D","FALSE","FALSE"
"input",6,-0.552134615384616,"erdosrenyi","genereg","D","FALSE","FALSE"
"d",1,-0.160134615384615,"erdosrenyi","genereg","D","TRUE","FALSE"
"input",1,-0.0780769230769231,"erdosrenyi","genereg","D","TRUE","FALSE"
"d",2,-0.200423076923077,"erdosrenyi","genereg","D","TRUE","FALSE"
"input",2,-0.130923076923077,"erdosrenyi","genereg","D","TRUE","FALSE"
"d",3,-0.236576923076923,"erdosrenyi","genereg","D","TRUE","FALSE"
"input",3,-0.160557692307692,"erdosrenyi","genereg","D","TRUE","FALSE"
"d",4,-0.266807692307692,"erdosrenyi","genereg","D","TRUE","FALSE"
"input",4,-0.159365384615385,"erdosrenyi","genereg","D","TRUE","FALSE"
"d",5,-0.279807692307692,"erdosrenyi","genereg","D","TRUE","FALSE"
"input",5,-0.206576923076923,"erdosrenyi","genereg","D","TRUE","FALSE"
"d",6,-0.511769230769231,"erdosrenyi","genereg","D","TRUE","FALSE"
"input",6,-0.511769230769231,"erdosrenyi","genereg","D","TRUE","FALSE"
"d",1,-0.598480769230769,"erdosrenyi","genereg","D","TRUE","TRUE"
"input",1,-0.266346153846154,"erdosrenyi","genereg","D","TRUE","TRUE"
"d",2,-0.676346153846154,"erdosrenyi","genereg","D","TRUE","TRUE"
"input",2,-0.268173076923077,"erdosrenyi","genereg","D","TRUE","TRUE"
"d",3,-0.67125,"erdosrenyi","genereg","D","TRUE","TRUE"
"input",3,-0.106153846153846,"erdosrenyi","genereg","D","TRUE","TRUE"
"d",4,-0.604307692307692,"erdosrenyi","genereg","D","TRUE","TRUE"
"input",4,-0.118807692307692,"erdosrenyi","genereg","D","TRUE","TRUE"
"d",5,-0.542134615384615,"erdosrenyi","genereg","D","TRUE","TRUE"
"input",5,-0.169884615384615,"erdosrenyi","genereg","D","TRUE","TRUE"
"d",6,-0.442480769230769,"erdosrenyi","genereg","D","TRUE","TRUE"
"input",6,-0.442480769230769,"erdosrenyi","genereg","D","TRUE","TRUE"
"d",1,-0.320059970014992,"erdosrenyi","genereg","u","FALSE","FALSE"
"input",1,-0.141223388305847,"erdosrenyi","genereg","u","FALSE","FALSE"
"d",2,-0.388977511244378,"erdosrenyi","genereg","u","FALSE","FALSE"
"input",2,-0.175592203898051,"erdosrenyi","genereg","u","FALSE","FALSE"
"d",3,-0.407688155922039,"erdosrenyi","genereg","u","FALSE","FALSE"
"input",3,-0.328467766116942,"erdosrenyi","genereg","u","FALSE","FALSE"
"d",4,-0.462752623688156,"erdosrenyi","genereg","u","FALSE","FALSE"
"input",4,-0.41712143928036,"erdosrenyi","genereg","u","FALSE","FALSE"
"d",5,-0.468281859070465,"erdosrenyi","genereg","u","FALSE","FALSE"
"input",5,-0.417235382308845,"erdosrenyi","genereg","u","FALSE","FALSE"
"d",6,-0.569811094452774,"erdosrenyi","genereg","u","FALSE","FALSE"
"input",6,-0.569811094452774,"erdosrenyi","genereg","u","FALSE","FALSE"
"d",1,-0.213903771824603,"erdosrenyi","genereg","u","TRUE","FALSE"
"input",1,-0.140839664134346,"erdosrenyi","genereg","u","TRUE","FALSE"
"d",2,-0.296468079434893,"erdosrenyi","genereg","u","TRUE","FALSE"
"input",2,-0.172043182726909,"erdosrenyi","genereg","u","TRUE","FALSE"
"d",3,-0.365837664934026,"erdosrenyi","genereg","u","TRUE","FALSE"
"input",3,-0.302364387578302,"erdosrenyi","genereg","u","TRUE","FALSE"
"d",4,-0.374991336798614,"erdosrenyi","genereg","u","TRUE","FALSE"
"input",4,-0.397531654005065,"erdosrenyi","genereg","u","TRUE","FALSE"
"d",5,-0.393320005331201,"erdosrenyi","genereg","u","TRUE","FALSE"
"input",5,-0.398299346927895,"erdosrenyi","genereg","u","TRUE","FALSE"
"d",6,-0.560714380914301,"erdosrenyi","genereg","u","TRUE","FALSE"
"input",6,-0.560714380914301,"erdosrenyi","genereg","u","TRUE","FALSE"
"d",1,-0.774564840730374,"erdosrenyi","genereg","u","TRUE","TRUE"
"input",1,-0.256484073037452,"erdosrenyi","genereg","u","TRUE","TRUE"
"d",2,-0.814202319072371,"erdosrenyi","genereg","u","TRUE","TRUE"
"input",2,-0.238928428628549,"erdosrenyi","genereg","u","TRUE","TRUE"
"d",3,-0.793831800613088,"erdosrenyi","genereg","u","TRUE","TRUE"
"input",3,-0.256174863387978,"erdosrenyi","genereg","u","TRUE","TRUE"
"d",4,-0.716246834599493,"erdosrenyi","genereg","u","TRUE","TRUE"
"input",4,-0.395228575236572,"erdosrenyi","genereg","u","TRUE","TRUE"
"d",5,-0.684552845528455,"erdosrenyi","genereg","u","TRUE","TRUE"
"input",5,-0.403566573370652,"erdosrenyi","genereg","u","TRUE","TRUE"
"d",6,-0.494863387978142,"erdosrenyi","genereg","u","TRUE","TRUE"
"input",6,-0.494863387978142,"erdosrenyi","genereg","u","TRUE","TRUE"
"d",1,-0.734710368996083,"erdosrenyi","mutualistic","D","FALSE","FALSE"
"input",1,-0.525945165945166,"erdosrenyi","mutualistic","D","FALSE","FALSE"
"d",2,-0.803092145949289,"erdosrenyi","mutualistic","D","FALSE","FALSE"
"input",2,-0.641129663986807,"erdosrenyi","mutualistic","D","FALSE","FALSE"
"d",3,-0.839422799422799,"erdosrenyi","mutualistic","D","FALSE","FALSE"
"input",3,-0.702634508348794,"erdosrenyi","mutualistic","D","FALSE","FALSE"
"d",4,-0.856054421768707,"erdosrenyi","mutualistic","D","FALSE","FALSE"
"input",4,-0.742585034013605,"erdosrenyi","mutualistic","D","FALSE","FALSE"
"d",5,-0.86617192331478,"erdosrenyi","mutualistic","D","FALSE","FALSE"
"input",5,-0.772475778190064,"erdosrenyi","mutualistic","D","FALSE","FALSE"
"d",6,-0.954137291280148,"erdosrenyi","mutualistic","D","FALSE","FALSE"
"input",6,-0.954137291280148,"erdosrenyi","mutualistic","D","FALSE","FALSE"
"d",1,-0.716825396825397,"erdosrenyi","mutualistic","D","TRUE","FALSE"
"input",1,-0.530199958771387,"erdosrenyi","mutualistic","D","TRUE","FALSE"
"d",2,-0.793296227581942,"erdosrenyi","mutualistic","D","TRUE","FALSE"
"input",2,-0.644502164502164,"erdosrenyi","mutualistic","D","TRUE","FALSE"
"d",3,-0.831111111111111,"erdosrenyi","mutualistic","D","TRUE","FALSE"
"input",3,-0.700911152339724,"erdosrenyi","mutualistic","D","TRUE","FALSE"
"d",4,-0.851453308596166,"erdosrenyi","mutualistic","D","TRUE","FALSE"
"input",4,-0.741414141414141,"erdosrenyi","mutualistic","D","TRUE","FALSE"
"d",5,-0.864077509791796,"erdosrenyi","mutualistic","D","TRUE","FALSE"
"input",5,-0.771255411255411,"erdosrenyi","mutualistic","D","TRUE","FALSE"
"d",6,-0.954582560296846,"erdosrenyi","mutualistic","D","TRUE","FALSE"
"input",6,-0.954582560296846,"erdosrenyi","mutualistic","D","TRUE","FALSE"
"d",1,-0.726110080395795,"erdosrenyi","mutualistic","D","TRUE","TRUE"
"input",1,-0.525895691609977,"erdosrenyi","mutualistic","D","TRUE","TRUE"
"d",2,-0.803496186353329,"erdosrenyi","mutualistic","D","TRUE","TRUE"
"input",2,-0.578181818181818,"erdosrenyi","mutualistic","D","TRUE","TRUE"
"d",3,-0.833263244691816,"erdosrenyi","mutualistic","D","TRUE","TRUE"
"input",3,-0.592413935271078,"erdosrenyi","mutualistic","D","TRUE","TRUE"
"d",4,-0.853745619459905,"erdosrenyi","mutualistic","D","TRUE","TRUE"
"input",4,-0.617381983096269,"erdosrenyi","mutualistic","D","TRUE","TRUE"
"d",5,-0.865908060193775,"erdosrenyi","mutualistic","D","TRUE","TRUE"
"input",5,-0.684840239125953,"erdosrenyi","mutualistic","D","TRUE","TRUE"
"d",6,-0.937316017316017,"erdosrenyi","mutualistic","D","TRUE","TRUE"
"input",6,-0.937316017316017,"erdosrenyi","mutualistic","D","TRUE","TRUE"
"d",1,-0.682449254720407,"erdosrenyi","mutualistic","u","FALSE","FALSE"
"input",1,-0.686248350139756,"erdosrenyi","mutualistic","u","FALSE","FALSE"
"d",2,-0.756502028506692,"erdosrenyi","mutualistic","u","FALSE","FALSE"
"input",2,-0.764064356030379,"erdosrenyi","mutualistic","u","FALSE","FALSE"
"d",3,-0.781849177027725,"erdosrenyi","mutualistic","u","FALSE","FALSE"
"input",3,-0.800444805250268,"erdosrenyi","mutualistic","u","FALSE","FALSE"
"d",4,-0.801001079533391,"erdosrenyi","mutualistic","u","FALSE","FALSE"
"input",4,-0.823585375983111,"erdosrenyi","mutualistic","u","FALSE","FALSE"
"d",5,-0.815908859073416,"erdosrenyi","mutualistic","u","FALSE","FALSE"
"input",5,-0.840671290734582,"erdosrenyi","mutualistic","u","FALSE","FALSE"
"d",6,-0.912107361658994,"erdosrenyi","mutualistic","u","FALSE","FALSE"
"input",6,-0.912107361658994,"erdosrenyi","mutualistic","u","FALSE","FALSE"
"d",1,-0.669100132113057,"erdosrenyi","mutualistic","u","TRUE","FALSE"
"input",1,-0.684588249769329,"erdosrenyi","mutualistic","u","TRUE","FALSE"
"d",2,-0.751301040065864,"erdosrenyi","mutualistic","u","TRUE","FALSE"
"input",2,-0.765814975430965,"erdosrenyi","mutualistic","u","TRUE","FALSE"
"d",3,-0.774727241046761,"erdosrenyi","mutualistic","u","TRUE","FALSE"
"input",3,-0.801409258474149,"erdosrenyi","mutualistic","u","TRUE","FALSE"
"d",4,-0.796426793104741,"erdosrenyi","mutualistic","u","TRUE","FALSE"
"input",4,-0.823432826201114,"erdosrenyi","mutualistic","u","TRUE","FALSE"
"d",5,-0.810475477354092,"erdosrenyi","mutualistic","u","TRUE","FALSE"
"input",5,-0.83996457657377,"erdosrenyi","mutualistic","u","TRUE","FALSE"
"d",6,-0.911024923555237,"erdosrenyi","mutualistic","u","TRUE","FALSE"
"input",6,-0.911024923555237,"erdosrenyi","mutualistic","u","TRUE","FALSE"
"d",1,-0.663134699983201,"erdosrenyi","mutualistic","u","TRUE","TRUE"
"input",1,-0.687441494717178,"erdosrenyi","mutualistic","u","TRUE","TRUE"
"d",2,-0.741571080017449,"erdosrenyi","mutualistic","u","TRUE","TRUE"
"input",2,-0.697508769265198,"erdosrenyi","mutualistic","u","TRUE","TRUE"
"d",3,-0.762389769317418,"erdosrenyi","mutualistic","u","TRUE","TRUE"
"input",3,-0.720195990172806,"erdosrenyi","mutualistic","u","TRUE","TRUE"
"d",4,-0.76565516041119,"erdosrenyi","mutualistic","u","TRUE","TRUE"
"input",4,-0.731353565005797,"erdosrenyi","mutualistic","u","TRUE","TRUE"
"d",5,-0.770539580764231,"erdosrenyi","mutualistic","u","TRUE","TRUE"
"input",5,-0.775250663572582,"erdosrenyi","mutualistic","u","TRUE","TRUE"
"d",6,-0.87645658702714,"erdosrenyi","mutualistic","u","TRUE","TRUE"
"input",6,-0.87645658702714,"erdosrenyi","mutualistic","u","TRUE","TRUE"
"d",1,0.740197869101979,"erdosrenyi","SIS","D","FALSE","FALSE"
"input",1,0.773028919330289,"erdosrenyi","SIS","D","FALSE","FALSE"
"d",2,0.796133942161339,"erdosrenyi","SIS","D","FALSE","FALSE"
"input",2,0.818949771689498,"erdosrenyi","SIS","D","FALSE","FALSE"
"d",3,0.82144596651446,"erdosrenyi","SIS","D","FALSE","FALSE"
"input",3,0.847062404870624,"erdosrenyi","SIS","D","FALSE","FALSE"
"d",4,0.837549467275495,"erdosrenyi","SIS","D","FALSE","FALSE"
"input",4,0.864916286149163,"erdosrenyi","SIS","D","FALSE","FALSE"
"d",5,0.846407914764079,"erdosrenyi","SIS","D","FALSE","FALSE"
"input",5,0.875083713850837,"erdosrenyi","SIS","D","FALSE","FALSE"
"d",6,0.928919330289193,"erdosrenyi","SIS","D","FALSE","FALSE"
"input",6,0.928919330289193,"erdosrenyi","SIS","D","FALSE","FALSE"
"d",1,0.891004566210046,"erdosrenyi","SIS","D","FALSE","TRUE"
"input",1,0.729193302891933,"erdosrenyi","SIS","D","FALSE","TRUE"
"d",2,0.876225266362253,"erdosrenyi","SIS","D","FALSE","TRUE"
"input",2,0.764094368340944,"erdosrenyi","SIS","D","FALSE","TRUE"
"d",3,0.874170471841705,"erdosrenyi","SIS","D","FALSE","TRUE"
"input",3,0.77841704718417,"erdosrenyi","SIS","D","FALSE","TRUE"
"d",4,0.866910197869102,"erdosrenyi","SIS","D","FALSE","TRUE"
"input",4,0.807184170471842,"erdosrenyi","SIS","D","FALSE","TRUE"
"d",5,0.864094368340944,"erdosrenyi","SIS","D","FALSE","TRUE"
"input",5,0.816849315068493,"erdosrenyi","SIS","D","FALSE","TRUE"
"d",6,0.899878234398782,"erdosrenyi","SIS","D","FALSE","TRUE"
"input",6,0.899878234398782,"erdosrenyi","SIS","D","FALSE","TRUE"
"d",1,0.742902757619739,"fitness","doublewell","D","FALSE","FALSE"
"input",1,0.751640058055152,"fitness","doublewell","D","FALSE","FALSE"
"d",2,0.776052249637155,"fitness","doublewell","D","FALSE","FALSE"
"input",2,0.794397677793904,"fitness","doublewell","D","FALSE","FALSE"
"d",3,0.7766618287373,"fitness","doublewell","D","FALSE","FALSE"
"input",3,0.803831640058055,"fitness","doublewell","D","FALSE","FALSE"
"d",4,0.776081277213353,"fitness","doublewell","D","FALSE","FALSE"
"input",4,0.811262699564586,"fitness","doublewell","D","FALSE","FALSE"
"d",5,0.76966618287373,"fitness","doublewell","D","FALSE","FALSE"
"input",5,0.815384615384615,"fitness","doublewell","D","FALSE","FALSE"
"d",6,0.807518142235123,"fitness","doublewell","D","FALSE","FALSE"
"input",6,0.807518142235123,"fitness","doublewell","D","FALSE","FALSE"
"d",1,0.742464646464646,"fitness","doublewell","D","TRUE","FALSE"
"input",1,0.751434343434343,"fitness","doublewell","D","TRUE","FALSE"
"d",2,0.775488215488215,"fitness","doublewell","D","TRUE","FALSE"
"input",2,0.798518518518519,"fitness","doublewell","D","TRUE","FALSE"
"d",3,0.779070707070707,"fitness","doublewell","D","TRUE","FALSE"
"input",3,0.809454545454545,"fitness","doublewell","D","TRUE","FALSE"
"d",4,0.778424242424242,"fitness","doublewell","D","TRUE","FALSE"
"input",4,0.814707070707071,"fitness","doublewell","D","TRUE","FALSE"
"d",5,0.786774410774411,"fitness","doublewell","D","TRUE","FALSE"
"input",5,0.821845117845118,"fitness","doublewell","D","TRUE","FALSE"
"d",6,0.819070707070707,"fitness","doublewell","D","TRUE","FALSE"
"input",6,0.819070707070707,"fitness","doublewell","D","TRUE","FALSE"
"d",1,0.750599326599327,"fitness","doublewell","D","TRUE","TRUE"
"input",1,0.757845117845118,"fitness","doublewell","D","TRUE","TRUE"
"d",2,0.727461279461279,"fitness","doublewell","D","TRUE","TRUE"
"input",2,0.768700336700337,"fitness","doublewell","D","TRUE","TRUE"
"d",3,0.721077441077441,"fitness","doublewell","D","TRUE","TRUE"
"input",3,0.784781144781145,"fitness","doublewell","D","TRUE","TRUE"
"d",4,0.731178451178451,"fitness","doublewell","D","TRUE","TRUE"
"input",4,0.743461279461279,"fitness","doublewell","D","TRUE","TRUE"
"d",5,0.729158249158249,"fitness","doublewell","D","TRUE","TRUE"
"input",5,0.765198653198653,"fitness","doublewell","D","TRUE","TRUE"
"d",6,0.776808080808081,"fitness","doublewell","D","TRUE","TRUE"
"input",6,0.776808080808081,"fitness","doublewell","D","TRUE","TRUE"
"d",1,0.726252161651635,"fitness","doublewell","u","FALSE","FALSE"
"input",1,0.752941176470588,"fitness","doublewell","u","FALSE","FALSE"
"d",2,0.768199643493761,"fitness","doublewell","u","FALSE","FALSE"
"input",2,0.805739218346769,"fitness","doublewell","u","FALSE","FALSE"
"d",3,0.795907627637215,"fitness","doublewell","u","FALSE","FALSE"
"input",3,0.825533828185277,"fitness","doublewell","u","FALSE","FALSE"
"d",4,0.812410141804347,"fitness","doublewell","u","FALSE","FALSE"
"input",4,0.840338946976348,"fitness","doublewell","u","FALSE","FALSE"
"d",5,0.817949290978264,"fitness","doublewell","u","FALSE","FALSE"
"input",5,0.851191103306994,"fitness","doublewell","u","FALSE","FALSE"
"d",6,0.930038577167638,"fitness","doublewell","u","FALSE","FALSE"
"input",6,0.930038577167638,"fitness","doublewell","u","FALSE","FALSE"
"d",1,0.726456704420899,"fitness","doublewell","u","TRUE","FALSE"
"input",1,0.730004627938132,"fitness","doublewell","u","TRUE","FALSE"
"d",2,0.793169163317501,"fitness","doublewell","u","TRUE","FALSE"
"input",2,0.811812446717818,"fitness","doublewell","u","TRUE","FALSE"
"d",3,0.815554256485203,"fitness","doublewell","u","TRUE","FALSE"
"input",3,0.830296431616125,"fitness","doublewell","u","TRUE","FALSE"
"d",4,0.823067592254293,"fitness","doublewell","u","TRUE","FALSE"
"input",4,0.840825234441603,"fitness","doublewell","u","TRUE","FALSE"
"d",5,0.836464742418707,"fitness","doublewell","u","TRUE","FALSE"
"input",5,0.855614663256607,"fitness","doublewell","u","TRUE","FALSE"
"d",6,0.933683108025819,"fitness","doublewell","u","TRUE","FALSE"
"input",6,0.933683108025819,"fitness","doublewell","u","TRUE","FALSE"
"d",1,0.744546583850932,"fitness","doublewell","u","TRUE","TRUE"
"input",1,0.743701863354037,"fitness","doublewell","u","TRUE","TRUE"
"d",2,0.758128364389234,"fitness","doublewell","u","TRUE","TRUE"
"input",2,0.758906832298137,"fitness","doublewell","u","TRUE","TRUE"
"d",3,0.781151138716356,"fitness","doublewell","u","TRUE","TRUE"
"input",3,0.784115942028985,"fitness","doublewell","u","TRUE","TRUE"
"d",4,0.790525879917184,"fitness","doublewell","u","TRUE","TRUE"
"input",4,0.781101449275362,"fitness","doublewell","u","TRUE","TRUE"
"d",5,0.807635610766046,"fitness","doublewell","u","TRUE","TRUE"
"input",5,0.814741200828157,"fitness","doublewell","u","TRUE","TRUE"
"d",6,0.914981366459627,"fitness","doublewell","u","TRUE","TRUE"
"input",6,0.914981366459627,"fitness","doublewell","u","TRUE","TRUE"
"d",1,-0.0819900497512438,"fitness","genereg","D","FALSE","FALSE"
"input",1,-0.066883763003166,"fitness","genereg","D","FALSE","FALSE"
"d",2,-0.0917051108095884,"fitness","genereg","D","FALSE","FALSE"
"input",2,-0.0747715965626413,"fitness","genereg","D","FALSE","FALSE"
"d",3,-0.116635006784261,"fitness","genereg","D","FALSE","FALSE"
"input",3,-0.0690004522840344,"fitness","genereg","D","FALSE","FALSE"
"d",4,-0.129678878335595,"fitness","genereg","D","FALSE","FALSE"
"input",4,-0.0731433740388964,"fitness","genereg","D","FALSE","FALSE"
"d",5,-0.170094979647218,"fitness","genereg","D","FALSE","FALSE"
"input",5,-0.0771596562641339,"fitness","genereg","D","FALSE","FALSE"
"d",6,-0.308457711442786,"fitness","genereg","D","FALSE","FALSE"
"input",6,-0.308457711442786,"fitness","genereg","D","FALSE","FALSE"
"d",1,-0.0699006428988895,"fitness","genereg","D","TRUE","FALSE"
"input",1,-0.0515020455873758,"fitness","genereg","D","TRUE","FALSE"
"d",2,-0.0697136177673875,"fitness","genereg","D","TRUE","FALSE"
"input",2,-0.0598947983635301,"fitness","genereg","D","TRUE","FALSE"
"d",3,-0.0848860315604909,"fitness","genereg","D","TRUE","FALSE"
"input",3,-0.144944476914085,"fitness","genereg","D","TRUE","FALSE"
"d",4,-0.110905902980713,"fitness","genereg","D","TRUE","FALSE"
"input",4,-0.140292226767972,"fitness","genereg","D","TRUE","FALSE"
"d",5,-0.122898889538282,"fitness","genereg","D","TRUE","FALSE"
"input",5,-0.129935710111046,"fitness","genereg","D","TRUE","FALSE"
"d",6,-0.260666277030976,"fitness","genereg","D","TRUE","FALSE"
"input",6,-0.260666277030976,"fitness","genereg","D","TRUE","FALSE"
"d",1,-0.396236119228521,"fitness","genereg","D","TRUE","TRUE"
"input",1,-0.018375219170076,"fitness","genereg","D","TRUE","TRUE"
"d",2,-0.427539450613676,"fitness","genereg","D","TRUE","TRUE"
"input",2,-0.0298071303331385,"fitness","genereg","D","TRUE","TRUE"
"d",3,-0.364956165984804,"fitness","genereg","D","TRUE","TRUE"
"input",3,-0.0590298071303331,"fitness","genereg","D","TRUE","TRUE"
"d",4,-0.266838106370544,"fitness","genereg","D","TRUE","TRUE"
"input",4,-0.0621157218001169,"fitness","genereg","D","TRUE","TRUE"
"d",5,-0.221274108708358,"fitness","genereg","D","TRUE","TRUE"
"input",5,-0.061718293395675,"fitness","genereg","D","TRUE","TRUE"
"d",6,-0.179707773232028,"fitness","genereg","D","TRUE","TRUE"
"input",6,-0.179707773232028,"fitness","genereg","D","TRUE","TRUE"
"d",1,-0.327807692307692,"fitness","genereg","u","FALSE","FALSE"
"input",1,-0.484076923076923,"fitness","genereg","u","FALSE","FALSE"
"d",2,-0.374923076923077,"fitness","genereg","u","FALSE","FALSE"
"input",2,-0.444192307692308,"fitness","genereg","u","FALSE","FALSE"
"d",3,-0.364942307692308,"fitness","genereg","u","FALSE","FALSE"
"input",3,-0.410230769230769,"fitness","genereg","u","FALSE","FALSE"
"d",4,-0.412230769230769,"fitness","genereg","u","FALSE","FALSE"
"input",4,-0.386192307692308,"fitness","genereg","u","FALSE","FALSE"
"d",5,-0.375288461538462,"fitness","genereg","u","FALSE","FALSE"
"input",5,-0.364557692307692,"fitness","genereg","u","FALSE","FALSE"
"d",6,-0.499,"fitness","genereg","u","FALSE","FALSE"
"input",6,-0.499,"fitness","genereg","u","FALSE","FALSE"
"d",1,-0.407653846153846,"fitness","genereg","u","TRUE","FALSE"
"input",1,-0.499442307692308,"fitness","genereg","u","TRUE","FALSE"
"d",2,-0.479461538461539,"fitness","genereg","u","TRUE","FALSE"
"input",2,-0.456903846153846,"fitness","genereg","u","TRUE","FALSE"
"d",3,-0.476307692307692,"fitness","genereg","u","TRUE","FALSE"
"input",3,-0.432230769230769,"fitness","genereg","u","TRUE","FALSE"
"d",4,-0.487057692307692,"fitness","genereg","u","TRUE","FALSE"
"input",4,-0.409692307692308,"fitness","genereg","u","TRUE","FALSE"
"d",5,-0.475903846153846,"fitness","genereg","u","TRUE","FALSE"
"input",5,-0.388634615384615,"fitness","genereg","u","TRUE","FALSE"
"d",6,-0.543096153846154,"fitness","genereg","u","TRUE","FALSE"
"input",6,-0.543096153846154,"fitness","genereg","u","TRUE","FALSE"
"d",1,-0.712365384615385,"fitness","genereg","u","TRUE","TRUE"
"input",1,-0.698019230769231,"fitness","genereg","u","TRUE","TRUE"
"d",2,-0.760653846153846,"fitness","genereg","u","TRUE","TRUE"
"input",2,-0.280115384615385,"fitness","genereg","u","TRUE","TRUE"
"d",3,-0.76575,"fitness","genereg","u","TRUE","TRUE"
"input",3,-0.281884615384615,"fitness","genereg","u","TRUE","TRUE"
"d",4,-0.758019230769231,"fitness","genereg","u","TRUE","TRUE"
"input",4,-0.276730769230769,"fitness","genereg","u","TRUE","TRUE"
"d",5,-0.747173076923077,"fitness","genereg","u","TRUE","TRUE"
"input",5,-0.263115384615385,"fitness","genereg","u","TRUE","TRUE"
"d",6,-0.469538461538462,"fitness","genereg","u","TRUE","TRUE"
"input",6,-0.469538461538462,"fitness","genereg","u","TRUE","TRUE"
"d",1,-0.761599670171099,"fitness","mutualistic","D","FALSE","FALSE"
"input",1,-0.366332714904143,"fitness","mutualistic","D","FALSE","FALSE"
"d",2,-0.822477839620697,"fitness","mutualistic","D","FALSE","FALSE"
"input",2,-0.479002267573696,"fitness","mutualistic","D","FALSE","FALSE"
"d",3,-0.848336425479283,"fitness","mutualistic","D","FALSE","FALSE"
"input",3,-0.554219748505463,"fitness","mutualistic","D","FALSE","FALSE"
"d",4,-0.864951556380128,"fitness","mutualistic","D","FALSE","FALSE"
"input",4,-0.596767676767677,"fitness","mutualistic","D","FALSE","FALSE"
"d",5,-0.877105751391466,"fitness","mutualistic","D","FALSE","FALSE"
"input",5,-0.639521748093177,"fitness","mutualistic","D","FALSE","FALSE"
"d",6,-0.943830138115852,"fitness","mutualistic","D","FALSE","FALSE"
"input",6,-0.943830138115852,"fitness","mutualistic","D","FALSE","FALSE"
"d",1,-0.755844155844156,"fitness","mutualistic","D","TRUE","FALSE"
"input",1,-0.355588538445681,"fitness","mutualistic","D","TRUE","FALSE"
"d",2,-0.820737992166564,"fitness","mutualistic","D","TRUE","FALSE"
"input",2,-0.464324881467739,"fitness","mutualistic","D","TRUE","FALSE"
"d",3,-0.850612244897959,"fitness","mutualistic","D","TRUE","FALSE"
"input",3,-0.536169861884148,"fitness","mutualistic","D","TRUE","FALSE"
"d",4,-0.866905792620078,"fitness","mutualistic","D","TRUE","FALSE"
"input",4,-0.59323026180169,"fitness","mutualistic","D","TRUE","FALSE"
"d",5,-0.876198721913008,"fitness","mutualistic","D","TRUE","FALSE"
"input",5,-0.632430426716141,"fitness","mutualistic","D","TRUE","FALSE"
"d",6,-0.943104514533086,"fitness","mutualistic","D","TRUE","FALSE"
"input",6,-0.943104514533086,"fitness","mutualistic","D","TRUE","FALSE"
"d",1,-0.751020408163265,"fitness","mutualistic","D","TRUE","TRUE"
"input",1,-0.364386724386724,"fitness","mutualistic","D","TRUE","TRUE"
"d",2,-0.8143475572047,"fitness","mutualistic","D","TRUE","TRUE"
"input",2,-0.38886827458256,"fitness","mutualistic","D","TRUE","TRUE"
"d",3,-0.841698618841476,"fitness","mutualistic","D","TRUE","TRUE"
"input",3,-0.44424654710369,"fitness","mutualistic","D","TRUE","TRUE"
"d",4,-0.859600082457225,"fitness","mutualistic","D","TRUE","TRUE"
"input",4,-0.508150896722325,"fitness","mutualistic","D","TRUE","TRUE"
"d",5,-0.865553494124923,"fitness","mutualistic","D","TRUE","TRUE"
"input",5,-0.533481756338899,"fitness","mutualistic","D","TRUE","TRUE"
"d",6,-0.927330447330447,"fitness","mutualistic","D","TRUE","TRUE"
"input",6,-0.927330447330447,"fitness","mutualistic","D","TRUE","TRUE"
"d",1,-0.657626029168759,"fitness","mutualistic","u","FALSE","FALSE"
"input",1,-0.657796939936785,"fitness","mutualistic","u","FALSE","FALSE"
"d",2,-0.747806420241492,"fitness","mutualistic","u","FALSE","FALSE"
"input",2,-0.744425787473512,"fitness","mutualistic","u","FALSE","FALSE"
"d",3,-0.782210239138097,"fitness","mutualistic","u","FALSE","FALSE"
"input",3,-0.790385507204597,"fitness","mutualistic","u","FALSE","FALSE"
"d",4,-0.791325461236671,"fitness","mutualistic","u","FALSE","FALSE"
"input",4,-0.816242723281569,"fitness","mutualistic","u","FALSE","FALSE"
"d",5,-0.80607118035087,"fitness","mutualistic","u","FALSE","FALSE"
"input",5,-0.8349375095657,"fitness","mutualistic","u","FALSE","FALSE"
"d",6,-0.891830633049279,"fitness","mutualistic","u","FALSE","FALSE"
"input",6,-0.891830633049279,"fitness","mutualistic","u","FALSE","FALSE"
"d",1,-0.644468392543864,"fitness","mutualistic","u","TRUE","FALSE"
"input",1,-0.630912123515897,"fitness","mutualistic","u","TRUE","FALSE"
"d",2,-0.733138385025177,"fitness","mutualistic","u","TRUE","FALSE"
"input",2,-0.72015829034697,"fitness","mutualistic","u","TRUE","FALSE"
"d",3,-0.768732829713962,"fitness","mutualistic","u","TRUE","FALSE"
"input",3,-0.767793733869206,"fitness","mutualistic","u","TRUE","FALSE"
"d",4,-0.782514861797881,"fitness","mutualistic","u","TRUE","FALSE"
"input",4,-0.807979345601987,"fitness","mutualistic","u","TRUE","FALSE"
"d",5,-0.795225058659021,"fitness","mutualistic","u","TRUE","FALSE"
"input",5,-0.825543232448893,"fitness","mutualistic","u","TRUE","FALSE"
"d",6,-0.889016593469424,"fitness","mutualistic","u","TRUE","FALSE"
"input",6,-0.889016593469424,"fitness","mutualistic","u","TRUE","FALSE"
"d",1,-0.644969464949487,"fitness","mutualistic","u","TRUE","TRUE"
"input",1,-0.631143430499701,"fitness","mutualistic","u","TRUE","TRUE"
"d",2,-0.732452883655991,"fitness","mutualistic","u","TRUE","TRUE"
"input",2,-0.668703251038434,"fitness","mutualistic","u","TRUE","TRUE"
"d",3,-0.755465305114584,"fitness","mutualistic","u","TRUE","TRUE"
"input",3,-0.704034623164479,"fitness","mutualistic","u","TRUE","TRUE"
"d",4,-0.766517526457593,"fitness","mutualistic","u","TRUE","TRUE"
"input",4,-0.759455606998337,"fitness","mutualistic","u","TRUE","TRUE"
"d",5,-0.775239439476953,"fitness","mutualistic","u","TRUE","TRUE"
"input",5,-0.771541095070507,"fitness","mutualistic","u","TRUE","TRUE"
"d",6,-0.854309919619576,"fitness","mutualistic","u","TRUE","TRUE"
"input",6,-0.854309919619576,"fitness","mutualistic","u","TRUE","TRUE"
"d",1,0.783340321453529,"fitness","SIS","D","FALSE","FALSE"
"input",1,0.813277428371768,"fitness","SIS","D","FALSE","FALSE"
"d",2,0.810006988120196,"fitness","SIS","D","FALSE","FALSE"
"input",2,0.85696715583508,"fitness","SIS","D","FALSE","FALSE"
"d",3,0.818225017470301,"fitness","SIS","D","FALSE","FALSE"
"input",3,0.870440251572327,"fitness","SIS","D","FALSE","FALSE"
"d",4,0.824821802935011,"fitness","SIS","D","FALSE","FALSE"
"input",4,0.880866526904263,"fitness","SIS","D","FALSE","FALSE"
"d",5,0.830132774283718,"fitness","SIS","D","FALSE","FALSE"
"input",5,0.885730258560447,"fitness","SIS","D","FALSE","FALSE"
"d",6,0.914716981132075,"fitness","SIS","D","FALSE","FALSE"
"input",6,0.914716981132075,"fitness","SIS","D","FALSE","FALSE"
"d",1,0.864933612858141,"fitness","SIS","D","FALSE","TRUE"
"input",1,0.864877707896576,"fitness","SIS","D","FALSE","TRUE"
"d",2,0.828763102725367,"fitness","SIS","D","FALSE","TRUE"
"input",2,0.760754716981132,"fitness","SIS","D","FALSE","TRUE"
"d",3,0.823927323549965,"fitness","SIS","D","FALSE","TRUE"
"input",3,0.804164919636618,"fitness","SIS","D","FALSE","TRUE"
"d",4,0.820656883298393,"fitness","SIS","D","FALSE","TRUE"
"input",4,0.830552061495458,"fitness","SIS","D","FALSE","TRUE"
"d",5,0.813305380852551,"fitness","SIS","D","FALSE","TRUE"
"input",5,0.824877707896576,"fitness","SIS","D","FALSE","TRUE"
"d",6,0.882990915443746,"fitness","SIS","D","FALSE","TRUE"
"input",6,0.882990915443746,"fitness","SIS","D","FALSE","TRUE"
